,1.SG,2.SG,1.PL,this1,this2,that1,that2,that3,that4,who?,what?,not,all,many,one,two,big,long,small,woman,man,person,fish,bird,dog,louse,tree,seed,leaf,root,bark,skin,flesh,blood,bone,fat,egg,horn,tail,feather,hair,head,ear,eye,nose,mouth,tooth,tongue,fingernail,foot,knee,hand,belly,neck,breasts,heart,liver,to drink,to eat,to bite,to see,to hear,to know,to sleep,to die,to kill,to swim,to fly,to walk,to come,to lie down,to sit,to stand,to give1,to give2,to say,sun,moon,star,water,rain,stone,sand,soil,cloud,smoke,fire,ash,to burn,path,mountain,red1,red2,blue1,blue2,yellow1,yellow2,white1,white2,black1,black2,night,hot,cold,full,new,good,round,to dry,name
Aomori,wa / ora / ore̝ / wasï / ware̝ / wae̝ / te̝me / wadasï,ome / anda / honda / sonada / sodzïra,oradadzï / ore̝dadzï / wasïra / ware̝ra / te̝medadzï / dzïmbɯ̈ndadzï,kore̝,kono,sore̝,sono,are̝,ano,,,ne,,,,,,,,onaŋo,odoɡo,fɯ̥̈to,saɡana,torï,e̝nɯ̈ / e̝nɯ̈ko,sïramï,,tane̝maɡi,,,kawa,handa,nïɡɯ̈,tsï,hone̝,ambɯ̈ra,tamaŋo,,sïpa,haŋe̝,kamï / dʒambo,adama,mïmï,manaɡɯ̈,hana,kɯ̈dzï,fa,sï̥ta,tsïme̝,asï,sïndʒakambɯ̈ / sindza,te̝,hara,kɯ̈mpï̥ta / kɯ̈mbï,tsï / oppae̝ / tsï̥tsï,,,nomɯ̈,kɯ̈ / tambe̝rɯ̈,,mïrɯ̈,ksïɡɯ̈,,ne̝rɯ̈,sïnɯ̈,korosï / sïme̝rɯ̈ / ne̝ndzïrɯ̈,ojoŋɯ̈,tombɯ̈,asaɡɯ̈,kɯ̈rɯ̈,ne̝rɯ̈,ne̝marɯ̈,tatsï,jarɯ̈,ke̝rɯ̈,jɯ̈rɯ̈ / ɕe̝rɯ̈,ɕï / oɕï̥sama,tsï̥ksï / otsï̥ksïsama,hosï,mïndzï,ame̝,e̝sï / e̝sïkoro,sïna,tsïdzï,kɯ̈mo,ke̝mɯ̈ / ke̝mbɯ̈,ɕï,hae̝,,,jama,aɡa,aɡe,ao,aoe̝,,,,,kɯ̈ro,,,nɯ̈ɡɯ̈e̝ / atsï,sambï / sïmbare̝rɯ̈,,,e̝,,kawaɡɯ̈ / ɕïrɯ̈ / kaɡɯ̈,nameko
Hirosaki,ora,anda,orando,kore̝,kono,sore̝,sono,are̝,ano,,,nɛ,mïnna / dze̝mb̻ɯ̈,e̝ppɛˑ / joɡe̝,ɕï̥tottsï,fɯ̥̈tattsï,okksï,naŋɛ,tsï̥ssɛ,onaŋo,odoɡo,fɯ̥̈to,saɡana,torï,e̝nɯ̈ / e̝ŋko,sïramï,ksï,tane̝,happa,ne̝ / ne̝kko,kawa,handa,nïɡɯ̈,tsï,hone̝,ambɯ̈ra,tamaŋo,,oppa / sïppo,hane̝,kamï,adama,mïmï,manaɡɯ̈,hanna,kɯ̈dzï,ha,sï̥ta / be̝ro,tsïme̝,asï,ɕindʒakabɯ̈,te̝,hara,kɯ̈mpï̥ta,tsï̥ko / tsïkko,koɡoro,,nomɯ̈,kɯ̈,kamɯ̈ / kandzïrɯ̈,mïrɯ̈,ksïɡɯ̈,ombɛrɯ̈ / sïrɯ̈ / waɡarɯ̈,ne̝mɯ̈rɯ̈ / nerɯ̈,me̝odosï / sïnɯ̈,korosï,ojoŋɯ̈,tombɯ̈,arɯ̈ɡɯ̈,,ne̝rɯ̈ / naŋamarɯ̈,ne̝marɯ̈,tadzï,ke̝rɯ̈,,ʃambe̝rɯ̈,oɕï̥sama / ɕï,tsïɡzï / otsï̥ksï̥sama,hosï,mïndzï,ame̝,e̝sï,sïna,tsïdzï,kɯ̈mo,ke̝mɯ̈rï,ɕï,aɡɯ̈ / aɡɯ̈do,,mïdzï,jama,aɡa,aɡɛ,ao,aoe̝,ksïˑro,ksïroe̝,sïro,sïre̝,kɯ̈ro,kɯ̈re̝,baŋŋe̝ / joma,attsï,samɯ̈e̝ / sïmbare̝rɯ̈,e̝ppɛ,adarasï,e̝,marɯ̈koe̝,kawaɡɯ̈,namɛ
Hachinohe,wa / wadasɯ̈,omɛ / anda / sonada / sonda,wando / wadasɯ̈ra,koe̝,kono,soe̝,sono,ae̝,ano,,,nɛ,mïnna,e̝ppɛ / dzɯ̈pparï,sɯ̈tottsɯ̈,fɯ̥̈tattsɯ̈,okksï / de̝kkɛ,naŋɛ,tsɯ̥̈ttʃɛ / tʃakkoe̝,onaŋo,odoɡo,sɯ̥̈to,saɡana,torï,e̝nɯ̈ / e̝nɯ̈kko,sɯ̈ramï,ksï,tane̝ / sane̝,ha,ne̝ / ne̝kko,kawa,handa,nïɡɯ̈,tsɯ̈,hone̝,ambɯ̈ra,tamaŋo,,oppa,ke̝ / hane̝,kamï / dʒambo,adama,mïmï,manaɡɯ̈,hana,kɯ̈dzɯ̈,ha,sɯ̥̈ta,tsɯ̈me̝,asɯ̈,sɯ̈ndzakambɯ̈,te̝,hara,kɯ̈mpï̥ta,tsɯ̈tsɯ̈ / oppae̝,kokoro,,nomɯ̈,kɯ̈,,mïrɯ̈,ksïɡɯ̈,sɯ̈rɯ̈ / ombe̝rɯ̈,ne̝rɯ̈,sɯ̈nɯ̈,korosɯ̈ / sɯ̈ne̝rɯ̈,ojoŋɯ̈,tombɯ̈,arïɡɯ̈,kɯ̈rɯ̈,ne̝rɯ̈,ne̝marɯ̈ / sɯ̈warɯ̈,tadzɯ̈,jarɯ̈ / ke̝rɯ̈,ke̝rɯ̈,he̝rɯ̈,sɯ̈,tsɯ̥̈ksï,hosɯ̈,mïndzɯ̈,ame̝,e̝sɯ̈ / e̝sɯ̥̈koro,sɯ̈na,tsɯ̈dzɯ̈,kɯ̈mo,ke̝mɯ̈,sɯ̈,aɡɯ̈,,mïdzɯ̈,jama,aɡa,aɡɛ,ao,aoe̝,ksïˑro,ksïroe̝,sɯ̈ro,sɯ̈re̝,kɯ̈ro,kɯ̈re̝,baŋŋe̝,nɯ̈ɡɯ̈e̝,samɯ̈e̝ / sïmbare̝rɯ̈,e̝ppɛ / dzɯ̈pparï,adarasɯ̈,e̝,marɯ̈e̝ / marɯ̈koe̝,kawaɡɯ̈,namɛˑ
Iwate,ore̝ / ora,omɛ / omɛsaɴ,ore̝dadzɯ̈ / orandadzɯ̈,kore̝ / ke̝dzɯ̈,kono,sore̝,sono,are̝,ano,,,nɛ,mïnna,oˑe̝ / joɡeˑ,çïtottsɯ̈,fɯ̈tattsɯ̈,okkï,naŋɛ,tsɯ̥̈ttʃɛ / tʃakke̝ / pɛkko,onaŋo,odoɡo,çï̥to,saɡana,torï,e̝nɯ̈ / e̝nɯ̈kko,sɯ̈ramï,kï,tane̝,happa / hakko,ne̝kko,kawa,handa,nïɡɯ̈,tsɯ̈,hone̝,ambɯ̈ra,tamaŋo,,oppa,hane̝,kamï,adama,mïmï,manaɡɯ̈,hana,kɯ̈dzɯ̈,ha,sɯ̈da,tsɯ̈me̝,asɯ̈ / sɯ̈ne̝,çïndza / çïndʒakambɯ̈,te̝,hara,kɯ̈bï,tsɯ̈dzɯ̈,koɡoro,,nomɯ̈,kɯ̈,kamɯ̈,mïrɯ̈,kïɡɯ̈,ombe̝rɯ̈ / sɯ̈rɯ̈,ne̝rɯ̈,sɯ̈nɯ̈,korosɯ̈,ojoŋɯ̈,tombɯ̈,arɯ̈ɡɯ̈,kɯ̈rɯ̈,ne̝rɯ̈,sɯ̈warɯ̈ / ne̝marɯ̈,tadzɯ̈,jarɯ̈,ke̝rɯ̈,jɯˑ,oçï̥sama / çï,tsɯ̈ɡï,ohosɯ̈sama,mïndzɯ̈,ame̝,e̝sɯ̥̈kkoro / e̝sɯ̈,sɯ̈na,tsɯ̈dzɯ̈,kɯ̈mo,ke̝mɯ̈rï,çï,hae̝ / aɡɯ̈,,mïdzɯ̈,jama,aɡa,aɡɛ,ao,ae̝,kïˑro,kïˑroe̝,sɯ̈ro,sɯ̈re,kɯ̈ro,kɯ̈re̝,baŋŋe̝ / joma / jonaɡa,adzɯ̈ / nɯ̈ɡɯ̈,samɯ̈ / sɯ̈mbare̝rɯ̈,e̝ppɛˑ,adarasɯ̈,e,marɯ̈ / marɯ̈kke̝,kawaɡɯ̈ / hoʃe̝rɯ̈,namɛ
Akita,ore̝ / wadasï / bokɯ̈,mmɛ / omɛsaɴ / anda / ksï̥saɴ / sodzïra,ore̝dadzï / wadasï̥tadzï / bokɯ̈dadzï,kore̝,kono,sore̝,sono,are̝,ano,,,nɛ,mïnna,e̝ppɛ / joɡe̝,ɕï̥tottsï,fɯ̥̈tattsï,okksï,naŋɛ,tsï̥ttʃɛ,onaŋo,odoɡo,fɯ̥̈to,saɡana / ɯ̈wo,torï,e̝nɯ̈ / e̝nɯ̈kko / e̝ŋko,sïramï,ksï,tane̝,fa,ne̝,kawa,handa,nïɡɯ̈ / mï,tsï,hone̝,ambɯ̈ra,tamaŋo,,sïppo,ke̝ / hane̝,kamï / kamïkko,adama,mïmï,manaɡɯ̈,hana,kɯ̈dzï,ha / hakko,sï̥ta / be̝ro,tsïme̝,asï,ɕïndzakambɯ̈ / fïndʒakambɯ̈ / ɕïndza,te̝,hara / harakko / onaɡa,kɯ̈mbï,tsïdzï / oppae̝ / dzïdzï,koɡoro,,nomɯ̈,kɯ̈ / tambe̝rɯ̈,,mïrɯ̈,ksïɡɯ̈,ombe̝rɯ̈ / sïrɯ̈,ne̝rɯ̈ / ne̝mbɯ̈rɯ̈,sïnɯ̈,korosï / sïme̝rɯ̈,ojoŋɯ̈,tombɯ̈,arïɡɯ̈,kɯ̈rɯ̈,ne̝rɯ̈,ne̝marɯ̈ / sïwarɯ̈,tadzï,jarɯ̈,ke̝rɯ̈,jɯ̈,ɕï / oɕïsaɴ,tsï̥kï / odzïɡïsaɴ,hosï,mïndzï,ame̝,e̝sï / e̝sïkko,sïna,tsïdzï,kɯ̈mo,ke̝mɯ̈rï,ɕɯ̈,aɡɯ̈,,mïdzï,jama,aɡa,aɡɛ,ao,aoe̝,ksïˑro,ksïˑronda,sïro,sïre̝,kɯ̈ro,kɯ̈re̝,joma,nɯ̈ɡɯ̈ / attsï,samɯ̈e̝ / ɕïe̝rɯ̈,e̝ppɛ,adarasï,e̝,marɯ̈e̝ / marɯ̈kke̝,hoɕe̝rɯ̈ / kawaɡɯ̈,namae̝
Miyagi,wadasɯ̈,,wadasɯ̈datsɯ̈,koe̝dzɯ̈,kono,soe̝dzɯ̈,sono,ae̝dzɯ̈,ano,,,nɛ,mïnna,e̝ppɛ,çï̥totsɯ̈,fɯ̥̈tatsɯ̈,okkïː,naŋɛː,tʃakkoe̝,onaŋo,odoko,çï̥to,saɡana,torï,e̝nɯ̈ / e̝nɯ̈ko,sɯ̈ramï,kɕï,tane̝,happa,ne̝kko,kawa,handa,nïkɯ̈,tsɯ̈ˑ,hone̝,ambɯ̈ra,tamaŋo,,sɯ̥̈ppo,hane̝,kamïnoɡe̝ / adamanoɡe̝,adama,mïmï,manaɡɯ̈,hana,kɯ̈tsɯ̈,ha,be̝ro,tsɯ̈me̝,asɯ̈,çïndza / çïndzakambɯ̈,te̝,hara,kɯ̈mpï̥ta,tsɯ̈tsɯ̈ / tsɯ̈kko / oppae̝,,,nomɯ̈,kɯ̈ː,kamɯ̈,mïrɯ̈,kïɡɯ̈,sɯ̈rɯ̈,ne̝mɯ̈rɯ̈ / ne̝rɯ̈,,korosɯ̈,ojoŋɯ̈,tombɯ̈,arɯ̈ɡɯ̈ / ae̝bɯ̈ / ɛbɯ̈,,ne̝rɯ̈ / ne̝mɯ̈rɯ̈,sɯ̈warɯ̈ / ne̝marɯ̈,tadzɯ̈,kɯ̈re̝rɯ̈ / ke̝rɯ̈,,jɯ̈ː / ɕambe̝rɯ̈,ode̝ndosama,tsɯ̈ɡï / otsɯ̥kçïsama,ohosɯ̈sama,mïndzɯ̈,ame̝,e̝sɯ̈ / e̝sɯ̥̈ko,sɯ̈na,tsɯ̈dzɯ̈,kɯ̈mo,ke̝mɯ̈rï,çï,aɡɯ̈,,,jama,aɡa,aɡɛː,ao,aoe̝,kɕïːro,kïːro,sɯ̈ro,ɕɕoe̝,kɯ̈ro,kɯ̈roe̝,jorɯ̈,adzɯ̈e̝,samɯ̈e̝ / sɯ̈mbare̝rɯ̈,e̝ppɛ,atarasɯ̈ː,e̝ː,marɯ̈e̝,kawaɡɯ̈,namɛˑ
Yamagata,wadasï / ore̝,anada,wadasïda / watasïtadzï,kore̝,kono,sore̝,sono,are̝,ano,,,nɛˑ,mïnna,e̝ppɛ / oˑe̝,çï̥totsï,fɯ̥̈tatsï,okkï,naŋŋɛ,tsï̥ttʃa,onaŋo,odoɡo,ɕï̥to,saɡana,torï,e̝nɯ̈,sïramï,kï,tane̝,fa / happa,ne̝kko,kawa,handa / kawa,nïɡɯ̈,tsïˑ,hone̝,ambɯ̈ra,tamaŋo,,oppa,hane̝,kamï / kamïnoɡe̝,adama,mïmï,manaɡɯ̈,hana,kɯ̈tsï,ha,sï̥ta,tsïme̝,asï,çïndza / çïndzakambɯ̈,te̝,hara,kɯ̈mbï,tsïdzï / oppae̝,,,nomɯ̈,kɯ̈ˑ,kamɯ̈,mïrɯ̈,kïkɯ̈,obe̝rɯ̈ / sïrɯ̈,nebɯ̈rɯ̈,sïnɯ̈,korosï,ojoŋɯ̈,tombɯ̈,arïɡɯ̈,kɯ̈rɯ̈,ne̝rɯ̈,sïwarɯ̈ / ne̝marɯ̈,tatsï,kɯ̈re̝rɯ̈,kɯ̈re̝rɯ̈ / jarɯ̈,ɕaberɯ̈ / jɯ̈ˑ,te̝ntosama,tsïɡï / otsï̥kïsama,hosï,mïndzï,ame̝,e̝sï,sïna,tsïdzï,kɯ̈mo,ke̝mɯ̈rï,fï,aɡɯ̈,,mïdzï,jama,aɡa,aɡɛ,ao,aoe̝,oɡoɴ / ksïˑro,kïˑronda,sïre̝,ʃïroe̝,kɯ̈ˑre̝ˑ,kɯ̈roe̝,jomma,attʃɛ,sambɯ̈,e̝ppɛ,addarasïe̝,eˑ,marɯ̈e̝,fïrɯ̈ / kawaɡɯ̈,namɛ
Fukushima,ore̝,ome̝saɴ,ore̝datʃï,kore̝,kono,sore̝,sono,are̝,ano,,,nɛ,mïnna / dze̝mbɯ̈,ïppɛ,çïtotsɯ̈,fɯ̈tatsɯ̈,dzɯ̈nnɛ / de̝kkɛ / okkïː,naŋɛ,tʃï̥ttʃɛ / tʃïntʃɛ / tʃïŋkoï,onna,odoɡo,ʃïto,saɡana,torï,ïnɯ̈ / ïŋko,ʃïramï,kï,tane̝,happa,ne̝kko / ne̝,kawa,hada,nïɡɯ̈,tsï,hone̝,abɯ̈ra,tamaŋo,,ʃïppo / oppa / o,hane̝ / ke̝ː,kamïnoke̝,adama,mïmï,me̝,hana,kɯ̈dʒï,ha,be̝ro,tsɯ̈me̝,aʃï,çïdzakabɯ̈,te̝,hara,kɯ̈bï,tʃïdʒï / tʃï̥tʃï,koɡoro,,nomɯ̈,kɯ̈ː,kamɯ̈ / kadʒïrɯ̈,mïrɯ̈,kïɡɯ̈,ʃïrɯ̈ / waɡarɯ̈,ne̝mɯ̈rɯ̈,ʃïnɯ̈,korosɯ̈,ojoŋɯ̈,tobɯ̈,arɯ̈kɯ̈,kɯ̈rɯ̈,ne̝rɯ̈,sɯ̈warɯ̈,tadzɯ̈,jarɯ̈,kɯ̈re̝rɯ̈,jɯ̈ɯ̈ / zjɯ̈ː,ode̝ntosama,tsɯ̈kï / tsɯ̈ɡï,hoʃï,mïdzɯ̈,ame̝,ïʃï,sɯ̈na,tsɯ̥̈tʃï,kɯ̈mo,ke̝mɯ̈rï,çï,hae̝ / aɡɯ̈,,mïtʃï,jama,aɡa,aɡɛ,ao,aoï,kjɯ̈ːro,kjɯ̈ːroï,ʃïro,ʃïroï,,kɯ̈re̝ː,jorɯ̈,attʃï,same̝ː / çïe̝rɯ̈,ïppɛ / tanto / ɯ̈nto,adaraʃïː,ïː,marɯ̈rï,kawaɡɯ̈,namae̝
Aizutakada,ore / wadasɯ̈,nɯ̈sɯ̈ / anada / omɛː,oredadzɯ̈ / wadasɯ̥̈tadzɯ̈,kore̝,kono,sore̝,sono,are̝,ano,,,nɛː,mïnna,oːï,çï̥todzɯ̈,fɯ̥̈tadzɯ̈,dzɯ̈nɛː / de̝kkɛː,naŋɛː,tsɯ̥̈ttʃɛ,onna,odoko,çï̥to,saɡana / ɯ̈o,torï,ïnɯ̈,sɯ̈ramï,kï,tane̝,happa / ha,ne̝kko,kawa,hada,nïɡɯ̈,tsɯ̈,hone̝,abɯ̈ra,tamaŋo,,sɯ̥̈ppo,hane̝,kami,adama,mïmï,manaɡɯ̈,hana,kɯ̥̈tsɯ̈,ha,be̝ro,tsɯ̈me̝,asɯ̈,çïdzakkabɯ̈ / çïdza,te̝,hara,kɯ̈bï,tsɯ̈dzɯ̈,koɡoro,,nomɯ̈,kɯ̈ː,kamɯ̈ / kadzɯ̈rɯ̈,mïrɯ̈,kïɡɯ̈,sɯ̈rɯ̈,ne̝rɯ̈,sɯ̈nɯ̈ / naɡɯ̈narɯ̈,korosɯ̈,ojoŋɯ̈,tobɯ̈,ɛːbɯ̈ / arɯ̈ɡɯ̈,kɯ̈rɯ̈,ne̝rɯ̈ / joɡonïnarɯ̈,sɯ̈warɯ̈,,jarɯ̈,kɯ̈re̝rɯ̈,jɯ̈ː,ote̝ntosama / oçï̥sama,tsɯ̥̈kï / dzɯ̈ɡï / odzɯ̈ɡïsama,ohosɯ̥̈sama,mïdzɯ̈,ame̝,ïsɯ̈,sɯ̈na,tsɯ̈dzɯ̈,kɯ̈mo,ke̝mɯ̈ / ke̝mɯ̈rï,çï,aɡɯ̈,,mïtsɯ̈ / mïdzɯ̈,jama,aɡa,aɡɛː,ao,awe̝ˑ,kïːro / kïre̝ro,kïːroï,sɯ̈ro,sɯ̈re̝ˑ,kɯ̈ro,kɯ̈re̝ˑ,jorɯ̈,adzɯ̈ï,samɯ̈ï / sɯ̈bare̝rɯ̈,ïppɛː,adarasɯ̈ˑ,zïː,marɯ̈rï,çïrɯ̈ / kawaɡɯ̈,namɛː / nammɛː
Niigata,dʒibɯɴ,anta / omaesoɴ,dʒibɯntatʃi,kore,kono,sore,sono,are,ano,,,nɛ,nna,e̝ppɛ / tammari / ɡjoːsaɴ,çi̥totsɯ,fɯ̥tattsɯ,dekkae̝ / oːkie̝,naːɡɛː,tʃi̥ttʃe / tʃiŋkoe̝,onaɡo,otoko,ʃi̥to / fɯ̥to,sakana,tori,e̝ŋɡa,ʃirami,ki,tane,happa,ne,kawa,hada,nikɯ / ʃiʃi,tʃi,hone,abɯra,tamaɡo,,ʃi̥ppo,hane,kaminoke / atamanoke,atama,mimi,me,hana,kɯ̥tʃi,ha,ʃi̥tta,tsɯme,aʃi,çidza / çidzakabɯ,te,hara,kɯbi,tʃitʃi,kokoro,,nomɯ,kɯː,kamɯ,mirɯ,ki̥kɯ,ʃirɯ,nemɯrɯ / nerɯ,ʃiɡɯ,korosɯ,ojoɡɯ / abirɯ,tobɯ,aebɯ / eːbɯ / ebɯ / ajobɯ,kɯrɯ,nerɯ / jasɯmɯ,sɯwarɯ / nemarɯ,tatsɯ,kɯrerɯ / aɡerɯ,kɯrerɯ,jɯː / saberɯ / seɯ,otentoːsama,tsɯ̥ki / tsɯ̥kisama,hoʃi,midzɯ,ame̝,e̝ʃi / e̝ʃi̥koro,sɯna,beto,kɯmo,kemɯ / kebɯ,çi,akɯ / hai,,mitʃi,jama,aka,akɛː,ao,aːwe,kie̝ro,kiːro,ʃiro,ʃireː,kɯro,kɯːre,baŋɡe / joːsare,attʃɛ,saːme,e̝ppɛː,ataraʃi,e̝ː,marɯe̝,kawakɯ,namae
Sado,wataʃi,anata,wataʃitatʃi,kore,kono,sore,sono,are,ano,,,ɴ,dzembɯ,ippeː,çitotsɯ,fɯtattsɯ,fɯteː,naɡeː,tʃiːtʃeː,onna,otoko,ʃito,sakana,tori,iɴ,ʃirame,kiː,tane,haː,neː,kawa,hada,nikɯ,tʃiː,hone,abɯra,tamaɡo,,oː,hane,kami,atama,mimi,meː,hana,kɯ̥tʃi,haː,ʃi̥ta,tsɯme,aʃi,çidzakkoːbe,teː,hara,kɯbi,tʃitʃi,kokoro,,nomɯ,kɯː,kamɯ,mirɯ,ki̥kɯ,ʃirɯ,nemɯrɯ,ʃinɯ,korosɯ,ojoɡɯ,tobɯ,eːbɯ / ajobɯ,kɯrɯ,nerɯ,sɯwarɯ / nemarɯ,tatsɯ,kɯrerɯ / jarɯ,kɯrerɯ,jɯː,tentosaɴ,tsɯki,hoʃi,midzɯ,ame,iʃi,sɯna,tsɯtʃi,kɯmo,kebɯ / kemɯri,çiː,,,mitʃi,jama,aka,akeː,ao,aːoi,kiːro,kiroi,ʃiro,ʃireː,kɯro,kɯreː,baŋɡeː,attsɯi,saːmiː,ippeː,ataraʃiː,iː,maːriː,kawakɯ / haʃaɡɯ,nameː
Ibaraki,ore̝,anata,ore̝tatʃï,kore̝ / koe̝tsɯ̈,kono,sore̝ / soe̝tsɯ̈,sono,are̝ / ae̝tsɯ̈,ano,,,nɛː,mïnna,oːe̝,çï̥totsɯ̈,fɯ̥tatsɯ̈,e̝kae̝ / de̝kkae̝,naŋae̝,tsï̥kkoe̝ / tsï̥ttʃae̝ / tsïnkoe̝,onna,otoko,çï̥to,sakana,torï,e̝nɯ,sïramï,kçï,tane̝,happa,ne̝kko,kawa,hada,nïkɯ̈,tʃï,hone̝,abɯra,tamaŋo,,sïrïppo,hane̝,atamanoke̝,atama,mïmï,me̝,hana,kɯ̈tʃï,ha,ʃï̥ta / be̝ro,tsɯ̈me̝,asï,çïdza / çïdzakabɯ̈,te̝,hara,kɯ̈bï,tʃïdzï,kokoro,,nomɯ̈,kɯ̈ː / tabe̝rɯ,kamɯ̈,mïrɯ,kçï̥kɯ̈,sïrɯ̈,ne̝rɯ̈ / ne̝mɯrɯ,sïnɯ,korosɯ̈,,tobɯ,arɯkɯ,kɯrɯ,ne̝mɯrɯ / fɯ̥sarɯ,sɯ̈warɯ̈,tatsɯ̈,jarɯ,kɯre̝rɯ,jɯ̈ː,ote̝ntoːsama,tsɯ̈ɡï / otsɯ̥kçï̥sama,ohossama,mïdzɯ̈,ame̝,e̝sï,sɯ̈na,tsɯ̥̈tsï,kɯmo,ke̝mɯrï / ke̝mɯ,çï,hae̝,,mïtʃï,jama,aka,akae̝,ao,aoe̝,kçïːro,kçïe̝roe̝,sïro,sïroe̝,kɯro,kɯroe̝,jorɯ,atsɯ̈e̝,samɯe̝,e̝ppae̝ / jamakake̝,atarasïe̝,e̝ː,marɯe̝,kawakɯ̈ / çïrɯ,namae̝
Tochigi,watasï / watakɯ̥̈sï,anta,watasïra,kore̝,kono,sore̝,sono,are̝,ano,dare̝,,neː,mïna,oːï / ïppaï,çï̥totsɯ̈ / çïtottsɯ̈,fɯ̥̈tattsɯ̈,oːkïː / de̝kkaï,naŋaï,tsïːsaï / tsïkkoï,onna,otoko,çï̥to,saɡana,torï,ïnɯ̈,sïramï,kï,tane̝,ha / happa,ne̝ / ne̝kko,kawa,hada,nïɡɯ̈,tsïː,,abɯ̈ra,tamaŋo,,o / sïrïo,hane̝,kamïnoɡe,atama,mïmï,me,hana,kɯ̥̈tʃi,ha,ʃï̥ta / bero,tsɯ̈me̝,aʃï,çïdza,te,hara / onaka,kɯbï,tʃï̥tʃï / oppaï / otʃï̥tʃï / otsï,kokoro,,nomɯ̈,tabe̝rɯ̈ / kɯ̈ː,kamɯ̈ / kadʒïrɯ̈,mïrɯ̈,ki̥kɯ,sïrɯ̈,ne̝mɯ̈rɯ̈,sïnɯ̈ / naɡɯ̈narɯ̈,korosɯ̈,ojoŋɯ̈,tobɯ̈,arɯɡɯ,kɯ̈rɯ̈,ne̝rɯ̈,sɯ̈warɯ̈,tadzɯ̈,aŋe̝rɯ̈ / jarɯ̈ / jɯ̈dzɯ̈rɯ̈,kɯ̈re̝rɯ̈,jɯː,ote̝ntosaɴ,tsɯ̥̈kï / otsɯ̥̈kïsaɴ,hosï / ohosï̥saɴ,mïdzɯ̈,ame̝,ïsï,sɯ̈na,tsɯ̥̈tsï,kɯ̈mo,ke̝mɯ̈rï / ke̝mɯ̈,çïː,haï,,mïdzï,jama,aɡa,aɡaï,ao,aoï,kïːro,kïːroï,sïro,sïroï,kɯ̈ro,kɯ̈roï,jorɯ̈,atsɯ̈ï,samɯ̈ï,ɯ̈nto / ippeː / takɯ̥̈san,atarasïː,ïː,marɯ̈rï,kawaɡɯ̈,namae̝
Chiba,ore,omɛːsaɴ,orraː,kore,kono,sore,sono,are,ano,,,nɛː,minna,fɯda,çi̥totsɯ̈,fɯ̥tatsɯ̈,iɡai,naŋɛː,tsïntʃɛː,onna,odoɡo,çi̥to,saɡana,tori,inɯ,sïrami,ki,tane,happa,ne,kawa,,niɡɯ,tsï,hone,abɯra,tamaŋo,,sï̥ppo,hane,adamaŋke,adama,mimi,manaɡo,hana,kɯdzï,ha,bero,tsɯ̈me̝,asï,çidza,te,hara,kɯbi,tsï,koɡoro,,nomɯ,kɯː,kamɯ / kadzïrɯ,mirɯ,kiɡɯ,sïrɯ,neːrɯ,sïnɯ,korosɯ̈,ojoŋɯ,tobɯ,arɯɡɯ,kɯrɯ,nerɯ,bɯdzïːrɯ,tatsɯ̈,dasɯ̈ / jarɯ,kɯrerɯ,jɯː,otentosama,tsɯ̈ɡi / otsɯ̥̈kisama,hosï,midzɯ̈,ame̝,isï / isïkoro,sɯ̈na,tsɯ̈dzï,kɯmo,kemo,çi,heː,,mïdzï,jama,aɡa,aɡɛː,ao,aoi,kiːro,kiːroi,sïro,sïreː,kɯro,kɯreː,baŋŋe,adzɯ̈i,samɯi,ippɛː,adarasïː,iː,maːrɯi,kawaɡɯ,namɛː
Tokyo,watakɯ̥ʃi / wataʃi,anatasama,watakɯ̥ʃidomo / watakɯ̥ʃitatʃi / wataʃidomo,kore / koitsɯ,kono,sore,sono,are / aitsɯ,ano,,,nai,minna,oːi,çi̥totsɯ,fɯ̥tatsɯ,oːkiː,naŋai,tʃiːsai,onna,otoko,çi̥to,ɯo / sakana,tori,inɯ,ʃirami,ki,tane,ha,ne,kawa,hada,nikɯ,tʃi,hone,abɯra,tamaŋo,,ʃi̥ppo / o,hane,kaminoke,atama,mimi,me,hana,kɯ̥tʃi,ha,ʃi̥ta,tsɯme,aʃi,çidza,te,hara / onaka,kɯbi,tʃi̥tʃi / oppai,kokoro,,nomɯ,taberɯ / kɯː,kamɯ,mirɯ,ki̥kɯ,ʃirɯ,nemɯrɯ,ʃinɯ,korosɯ,ojoŋɯ,tobɯ,arɯkɯ,kɯrɯ,nerɯ,sɯwarɯ,tatsɯ,jarɯ / aŋerɯ,kɯrerɯ,jɯː,taijoː / çi / oçi̥sama,tsɯ̥ki / otsɯ̥ki̥sama,hoʃi / ohoʃi̥sama,midzɯ,ame,iʃi,sɯna,tsɯ̥tʃi,kɯmo,kemɯri,çi,hai,,mitʃi,jama,aka,akai,ao,aoi,kiːro,kiːroi,ʃiro,ʃiroi,kɯro,kɯroi,jorɯ,atsɯi,samɯi / çierɯ,ippai,ataraʃiː,joi,marɯi,kawakɯ,namae
Saitama,waʃi / watakɯʃi,,waʃira / watakɯ̥ʃi̥tatʃi,kore / koitsɯ,kono,sore / soitsɯ,sono,are / aitsɯ,ano,,,,minna,oːi / fɯndaɴ,ʃi̥totsɯ,fɯ̥tatsɯ,dekkeː / dekai,naɡeː,tʃi̥ttʃeː,onna,otoko,ʃi̥to,sakana,tori,inɯ,ʃirami,ki,tane,happa,nekko,kawa,hada,nikɯ,tʃi,hone,abɯra,tamaɡo,,çi̥ppo,hane,kaminoke / atamanoke,atama,mimi,me / manako,hana,kɯ̥tʃi,ha,bero / ʃi̥ta,tsɯme,aʃi,çidza,te,hara / onaka,kɯbi,tʃitʃi / oppai,kokoro,,nomɯ,kɯː,kamɯ,mirɯ,ki̥kɯ,ʃirɯ,nebɯrɯ,ʃinu / ʃimɯ,korosɯ,ojoɡɯ,tobɯ,arɯkɯ,kɯrɯ,nerɯ / jokonnarɯ / nekorobɯ,sɯwarɯ,tatsɯ,kɯrerɯ,kɯrerɯ,jɯː,otentosama / tentoːsama,tsɯ̥ki / otsɯ̥kisama,hoʃi,midzɯ,ame̝,iʃi,sɯna,tsɯ̥tʃi,kɯmo,kebɯ / kemɯ,çi,hai,,mitʃi,jama,aka,akeː,ao,aoe̝,kiːro,kiːreː,ʃiro,ʃireː,kɯro,kɯreː,jorɯ / baŋɡe,atʃiː,samiː,ɯnto / ippeː,ataraʃiː,iː,marɯi,kawakɯ,nameː
Gunma,wataʃi,omeː,wataʃi̥tatʃi,kore,kono,sore,sono,are,ano,,,neː,minna,oːiː,çi̥totsɯ,fɯ̥tattsɯ,dekkai / okkiː,naɡai,tʃi̥ttʃai,onna,otoko,ʃi̥to,sakana,tori,inɯ,ʃirami,ki,tane,happa,nekko,kawa,hada / çifɯ,nikɯ / mi,tʃi,hone,abɯra,tamaɡo,,ʃippo / oppo,hane,kaminoke,atama,mimi,me / manako,hana,kɯ̥tʃi,ha,bero / ʃi̥ta,tsɯme,aʃi,çidza,te,hara / onaka,kɯbi,tʃi̥tʃi / oppai / otʃitʃi,kokoro,,nomɯ,kɯː / taberɯ,kamu,mirɯ,ki̥kɯ,ʃirɯ / wakarɯ,nebɯrɯ,ʃinɯ,korosɯ,ojoɡɯ,tobɯ,arɯkɯ / ebɯ,kɯrɯ,nerɯ / naɡakɯnarɯ,sɯwarɯ,tatsɯ,jarɯ,kɯrerɯ,jɯː,otenotoːsama,tsɯ̥ki,hoʃi,midzɯ,ame̝,iʃi,sɯna,tsɯ̥tʃi,kɯmo,kemɯuri / kemɯ / kebɯ,çi,hai,,mitʃi,jama,aka,akai,ao,aoi,kiːro,kiːroi,ʃiro,ʃiroi,kɯro,kɯroi,baɴ / jorɯ,attʃiː,samiː,ippeː,ataraʃiː,iː,marɯi,kawakɯ / kaːkɯ,namae
Kanagawa,wataʃi,anta / anata,oretatʃi,kore,kono,sore,sono,are,ano,,,neː,minna,oːi / oːdzeː / fɯnda,ʃi̥totsɯ,fɯ̥taːtsɯ,dekkeː,naŋeː / naːŋeː,tʃi̥ttʃeː,onna,otoko,çi̥to,sakana,tori,inɯ / inɯkkoro,ʃirami,ki,tane,happa,nekko,kawa,hada,nikɯ,tʃi,hone,abɯra,tamaŋo,,oppo / ʃi̥ppo,hane,kaminoke,atama,mimi,me,hana,kɯ̥tʃi,ha,ʃi̥ta,tsɯme,aʃi,çidza,te,hara / onaka,kɯbi,tʃi̥tʃi / oppai,kokoro,,nomɯ,kɯː,kamɯ,mirɯ,ki̥kɯ,ʃirɯ,nemɯrɯ / nerɯ,ʃinɯ / ʃimɯ,korosɯ,ojoŋɯ,tobɯ,arɯkm,ikɯ,nerɯ / nekomɯ,sɯwarɯ,tatsɯ,jarɯ / kɯrerɯ,kɯrerɯ,seːɯ / jɯː,otentoːsama / taijoː,tsɯ̥ki / otsɯ̥kisaɴ,hoːʃi̥saɴ,midzɯ,ame,iʃi / iʃi̥kkoro,sɯna,tsɯ̥tʃi,kɯmo,kebɯ,çi,heː,,mitʃi,jama,aka,akeː,ao,aweː,kiːro,kiːreː,ʃiro,ʃireː,kɯro,kɯreː,jorɯ,atʃiː,samiː,ippeː,ataraʃiː,iː,mariː,kawakɯ,nameː
Yamanashi,wataʃi,anata,wataʃidomo / wataʃitatʃi,kore,kono,sore,sono,are,ano,,,ɴ,minna,oːi,çitotsɯ / çitoːtsɯ,fɯtattsɯ / fɯtaːtsɯ,oːkiː / dekai / dekkai,naŋai,tʃiːsai / tʃikkɯi,onna,otoko,çi̥to / ʃito,ɯwo / sakana,tori,inɯ,ʃirami,ki,tane,ha / happa,ne / nekko,kawa,hada,nikɯ,tʃi,hone,abɯra,tamaŋo,,ʃippo / oppo,hane,kami,atama,mimi,me,hana,kɯtʃi,ha,ʃita,tsɯme,aʃi,çidza,te,hara / onaka,kɯbi,tʃitʃi / oppai,kokoro,,nomɯ,kɯː / taberɯ,kamɯ,mirɯ,kikɯ,ʃirɯ,nemɯrɯ / neːrerɯ,ʃinɯ,korosɯ,ojoŋɯ,tobɯ,arɯkɯ / aikɯ,kɯrɯ,nerɯ,sɯwarɯ,tatsɯ,jarɯ,kɯrerɯ,jɯː,taijoː / otentoːsaɴ,tsɯki,hoʃi,midzɯ,ame,iʃi,sɯna,tsɯtʃi,kɯmo,kemɯri / kebɯri,çi,heː,,mitʃi,jama,aka,akai,ao,aoi,kiːro,kiːroi,ʃiro,ʃiroi,kɯro,kɯroi,jorɯ,attsɯi / atsɯi,samɯi,ippai,ataraʃiː / niːʃiː,joi,marɯi,kawakɯ / çirɯ,namae / na
Shizuoka,waʃi / wataʃi,anta,waʃira / waʃitatʃi / wataʃira,kore,kono,sore,sono,are,ano,,,neː,minna,oːi / erai,çitotsɯ,fɯtatsɯ,ikai,naŋeː,kosɯi / tʃimbiː / kombiː / tʃiːseː,onna,otoko,çi̥to,ioː,tori,inɯ / inɯkkoro,ʃirami,ki,tane,happa,nekko,kawa,hada,nikɯ,tʃi,hone,abɯra,tamaŋo,,ʃippo,hane,kami / atamaŋkeː,atama,mimi,me,hana,kɯtʃi,ha,ʃitabera / bero,tsɯme,aʃi,çidza,te,hara,kɯbi,tʃi̥tʃi / oppai,kokoro,,nomɯ,kɯː / taberɯ,kamɯ,mirɯ,kikɯ,ʃirɯ,nebɯrɯ,ʃinɯ,korosɯ,ojoŋɯ,tobɯ,eːkɯ,kɯrɯ,nerɯ / nekkoroŋarɯ,sɯwarɯ,tatsɯ,jarɯ / aŋerɯ,kɯrerɯ,jɯː,otentosaɴ,tsɯki / ottsɯkisaɴ,hoʃi,midzɯ,ame,iʃi / iʃikoro,sɯna,tsɯ̥tʃi,kɯmo,kebɯ,çi,heː,,mitʃi,jama,aka,akai,ao,aeː,kiːro,kiːneː / kiːroi,ʃiro,ʃiroi,kɯro,kɯroi,jorɯ,atʃiː,sabiː / çierɯ,ippai,ataraʃiː,eː,mariː,kawakɯ / kaːkɯ / çirɯ,namae
Akiyama,ore,omɛˑ,oraˑ,kore,kono,sore,sono,are,ano,,,nɛˑ,menna,ɡɛˑ,totsɯ̈,taˑtsɯ̈,dekkɛˑ,naˑɡɛˑ,nokkotʃiˑ,onna,otsɯ̈ko,fɯ̥̈to,sakana,tore,e̝no,ʃirame,tʃi,tane,happa,nekko,kaba,hada,neko,aka,hone,abora,tamaɡo,,oppo / ʃi̥ppane,hane,atamakke,atama,meme,manako / me,hana,kotʃi,ha,hera,tsɯ̈me,aʃi,fɯ̈zatama / fɯ̈za,te,hara,kobe,tʃi̥tʃi / tʃiˑ,kokoro,,nomo,kwɔˑ,kamo,mero,tʃi̥ko,ʃiro,neboro,ʃimo,korosɯ̈,abero,tobo,ɛˑbo / ako,,nero,sɯ̈waro,tatsɯ̈,korero / jaro,,hɔˑ / joˑ,tentɔˑsama / fe,tsɯ̥̈tʃi,hoʃi,mezɯ̈,ame,e̝ʃi,sɯ̈na,tʃi̥tʃi,komo,kebo,fe,hɛˑ,,metʃi,jama,aka,aˑkɛˑ,ao,aˑweˑ,tʃiˑro,tʃiˑreˑ,ʃiro / ʃiroe̝ro,ʃireˑ,koro,koˑreˑ,joːsa / bantsɯ̥̈ke,attseˑ,sabeˑ / ʃibarero,e̝ppɛˑ,ataraʃiˑ,e̝ˑ,maˑreˑ,fero / haʃaɡo,namɛˑ
Nagano,waʃi,omesan,waʃidomo / waʃira,kore,kono,sore,sono,are,ano,dare,,neː,minna,oːe̝ / tanto,ʃi̥totsɯ,fɯ̥tatsɯ,dekkeː,naŋeː,tʃiːseː / tʃi̥kkoe̝,onna,otoko,ʃi̥to,ɯo / sakana,tori,e̝no / e̝nokkoro,ʃirami,ki,tane,ha / happa,ne / nekko,kawa,hada,nikɯ,tʃi,hone,abɯra,tamaŋo,,oppo,hane,atamanoke,atama,mimi,me,hana,kɯ̥tʃi,ha,hera,tsɯme,aʃi,ʃizambo,te,hara,kɯbi,tʃi̥tʃi / oppae̝,kokoro,,nomɯ,kɯː / taberɯ,kamɯ,mirɯ,ki̥kɯ,ʃirɯ,nerɯ / neːrɯ,ʃimɯ,korosɯ / ʃimerɯ,ojoŋɯ / abirɯ,tobɯ,e̝ːbɯ / arɯkɯ,kɯrɯ,nerɯ / neːrɯ,sɯwarɯ,tatsɯ,kɯrerɯ / aŋerɯ,kɯrerɯ,seɯ,otentosaɴ / konnitʃi̥saɴ / ʃi,tsɯ̥ki / otsɯ̥kisaɴ,ohoʃi̥saɴ / hoʃi,mizɯ,ame,e̝ʃi,sɯna,beto,kɯmo,kebɯ,ʃi,heː,,mitʃi,jama,aka,akeː,ao,aweː,kiːro,kiːre,ʃiro,ʃireː,kɯro,kɯreː,jorɯ / baɴ,atsɯe̝,sabiː,eppeː,ataraʃiː,e̝ː,marɯe̝,ʃirɯ / kawakɯ,namae̝
Hachijo,wai,omeː,waira,koi,kono,soi,sono,ɯi,ɯno,dai,,nnaka,menna,ʃi̥kkari,tetsɯ,fɯ̥tatsɯ,boːkja,naŋɡakja,nekkokja,onnaɡo,onokoɡo,ʃi̥to,jo,torime,inɯme,ʃamme,ki,mi,happa,nekko,kawa,hada,nikɯ,tʃi,hone,abɯra,tamaɡo,,oppo / oba,hane,tsɯbɯrinoke,tsɯbɯri,mimi,manako,hana,kɯ̥tʃi,,ʃi̥ta / bero,tsɯme,aʃi,çidza / çidzakabɯ,te,hara,kɯbi,tʃibɯsa / oppai,kokoro,,nomɯ,kamu,kamɯ,mirɯ,ki̥kɯ,ʃokja,nemɯrɯ,marɯbɯ,korosɯ,ojoɡɯ,tobɯ,eːmu / arɯkɯ,kɯrɯ,nerɯ / jasɯmɯ / jokoninarɯ,sɯwarɯ,tatsɯ,kerɯ,kerɯ / tamoɯrɯ,jɯː,oçi̥sama,tsɯ̥ki,hoʃi,midzɯ,ame,iʃi,sɯna,tsɯ̥tʃi,kɯmo,kemɯ / jɯbɯri,çi,heː,,mitʃi,jama,aka,akakja,ao,aokja,kiːro,kiːrokja,ʃiro,ʃirokja,kɯro,kɯrokja,jorɯ / joi,hotoɯrɯ,koɡeirɯ,ippeː,ataraʃi̥kja / niːʃi̥kja,jokkja,marɯkja,kawakɯ / haʃaɡɯ / çirɯ,nameː
Toyama,waʃi,anta / antahaɴ,waʃiratʃi / waʃidomo,korɯ / kori / kore,koɴ / kono,sorɯ / sori / sore,soɴ / sono,arɯ / ari / are,aɴ / ano,dare,,ɴ,nna / minna,oi,çi̥totsɯ / çi̥toːtsɯ,fɯ̥tatsɯ / fɯ̥taːtsɯ,dekkai,naŋai,tʃiŋkoi / tʃittʃai / entʃai / komai,onna,otoko,ʃi̥to,iwo / sakana,tori,iɴ / inna / inɯ / iŋkoro,ʃirami,kiː,tane,haː,neː,kawa,hada,nikɯ / ʃiʃi / midʒiʃi,tʃiː,hone,abɯra,tamamo / tamaŋo,,ʃirippo / oppo / ombe,hane,atamanokeː,atama,mimi,meː,hana,kɯ̥tʃi,haː,bero / ʃita,tsɯme,aʃi,çidza,teː,hara,kɯbi,tʃi̥tʃi / tʃitʃiko,kokoro,,nomu,taberɯ / kɯː,kamɯ / kambarɯ,mirɯ,kikɯ,ʃirɯ,nebɯrɯ / nemɯrɯ,ʃinɯ,korosɯ,ojoŋɯ / abirɯ,tobɯ,arakɯ,kɯrɯ,nerɯ / naŋonarɯ / nennesɯrɯ,nemarɯ / ssarɯ,tatsɯ / tatʃirɯ,jarɯ / taraserɯ,kɯrerɯ,jɯː,otentohaɴ / çiːhaɴ / oçihaɴ,tsɯ̥ki / otsɯ̥kisaɴ,hossaɴ,midzɯ,ame,iʃi / iʃina / iʃikoro,sɯna,doro,kɯmo,kebɯri / kemɯri,çiː,hai,,mitʃi,jama,aka,akai,ao,aoi,okoɴiro / oŋkoiro / kiːro,okoɴirono / oŋkoirono / kiːroi,ʃiro,ʃiroi,kɯro,kɯroi,jorɯ / baɴ,atsɯi / attsɯi,sabɯi / samɯi / çierɯ,ippai / kitʃikitʃi / jattokatto,attaraʃiː,iː,marɯkkoi,hoserɯ / kawakɯ,naː
Nanao,wataʃi,anta,wataʃidomo / wataʃira,kore,kono,sore,sono,are,ano,,,ɴ,minna / mina,oːi,çitotsɯ,fɯ̥tatsɯ,dekai,naŋai,tʃiŋkoi / tʃintʃai,onna,otoko,çito / ʃito,sakana,tori,inɯ / eɴ / eŋkoro,ʃirami,kiː,tane,happa,neː,kawa,hada,nikɯ,tʃiː,hone,abɯra,tamaŋo,,ombo / oː,hane,kaminoke,atama,mimi,meː,hana,kɯ̥tʃi,haː,ʃi̥ta,tsɯme,aʃi,çidza / kobɯra,teː,hara,kɯbi,tʃi̥tʃi,,,nomɯ,taberɯ / kɯː / kamɯ,kamɯ / kadʒirɯ,mirɯ,kikɯ,,nemurɯ / nerɯ,ʃinɯ,korosɯ,ojoŋɯ,tobɯ,arɯkɯ / arakɯ,,nerɯ / jokoninarɯ / naŋonarɯ,sɯwarɯ / nemarɯ / nimarɯ,tatsɯ,jarɯ,,jɯː,çiːsaɴ,tsɯ̥ki / otsɯki̥saɴ,hossama,midzɯ,ame,iʃi,sɯna,tsɯ̥tʃi,kɯmo,kemɯri,çiː,hai,,mitʃi,jama,aka,akai,ao,aoi,kiːro / kina,kiːroi / kinai,ʃiro,ʃiroi,kɯro,kɯroi,jorɯ / joːbaɴ,atsɯi,samɯi / sabɯi,ippai,ataraʃiː / sara,iː,marɯi,kawakɯ / hoʃerɯ,namae / naː
Ishikawa,wate,omasaɴ,watera,kore,kono,sore,hono,are,ano,,,ɴ,nna,tanto,çitotsɯ,fɯtatsɯ,dekai,naŋai,tʃittʃai,mero,otoko,çito,sakana,tori,iɴ,ʃirami,kiː,tane,haː,neː,kawa,hada,nikɯ,tʃiː,hone,abɯra,tamaŋo,,oː,hane,kaminoke,atama,mimi,meː,hana,kɯtʃi,haː,heta,tsɯme,aʃi,çidza,teː,hara,kɯbi,tʃitʃi,kokoro,,nomɯ,kɯː,kamɯ,mirɯ,kikɯ,ʃirɯ,nerɯ,ʃiɴ,korosɯ,aberɯ,tobɯ,arɯkɯ,kɯrɯ,nerɯ,sɯwarɯ / nemarɯ,tatsɯ,jarɯ,jarɯ,jɯː,oçisama,tsɯki / otsɯkisaɴ,hoʃi,midzɯ,ame,iʃi,sɯna / dʒoːko,doro,kɯmo,kemɯri,çiː,hai,,mitʃi,jama,aka,akai,ao,aoi,kiːro,kinai,ʃiro,ʃiroi,kɯro,kɯroi,josari,atsɯi,sabɯi,ippai,ataroʃiː,iː,maːrɯi,kawakɯ,namae
Fukui,ɯra,anta,ɯrara,kore,kono,hore,hono,are,ano,,,ɴ,minna / dʒembɯ,oːi,çitotsɯ,fɯtatsɯ,ikeː,naŋeː,ʔtsai,mero,otoko,çi̥to,ɯo / sakana,tori,inɯ,ʃirami,kiː,tane,haː,neː,kawa,hada,nikɯ,tʃiː,hone,abɯra,tamaŋo,,ʃirippo,hane,kami / kaminoke,atama,mimi,meː,hana,kɯtʃi,haː,heta,tsɯme,aʃi,çidza,teː,hara,kɯbi,tʃitʃi,kokoro,,nomɯ,kɯː / taberɯ,kamɯ,mirɯ,kikɯ,ʃirɯ,nebɯrɯ,ʃinɯ,korosɯ,ojoŋɯ,tobɯ,arɯkɯ,kɯrɯ,nerɯ / nebɯrɯ,nimarɯ / sɯwarɯ,tatsɯ,jarɯ,kɯrerɯ,jɯː,oçisaɴ,tsɯki / otsɯki̥saɴ,ohoʃisaɴ,midzɯ,ame,iʃi / iʃina,sɯna,beto,kɯmo,kebɯri,çiː,hai,,mitʃi,jama,aka,akeː,,aoi,kiːro / ɯkoɴ,kiːroi,ʃi̥ro,ʃiroi,kɯro,kɯroi,josari,atsɯ̥i,sabɯi,ippai,ataraʃiː,iː,marɯi,kawakɯ / hoserɯ,namae
Gifu,wattʃi / watæː / waʃi,omahaɴ / anta,waʃira / wattʃira,køːtsɯ,kono,søːtsɯ,sono,æːtsɯ,ano,,,ɴ,minna,oøː,çitotsɯ,fɯtatsɯ,ikæː / oːkiː,naŋæː,tʃiːkøː,onaŋo,otoko,çi̥to,sakana,tori,inɯ,ʃirami,ki,tane,ha,ne,kawa,hada,nikɯ,tʃi,hone,abɯra,tamaŋo,,ombo / oppo,hane,kaminoke,atama,mimi,me,hana,kɯtʃi,ha,bero / ʃita,tsɯme,aʃi,çidza,te,hara,kɯbi,tʃitʃi,kokoro,,nomɯ,kɯː / taberɯ,kamɯ,mirɯ,kikɯ,ʃirɯ,nemɯrɯ,ʃinɯ,korosɯ,ojoŋɯ / abirɯ,tobɯ,arɯkɯ,kɯrɯ,nerɯ,sɯwarɯ,tatsɯ,jarɯ,kɯrerɯ / kɯdarerɯ,jɯː,nitʃiriɴ / oçisama / taijoː,tsɯki / otsɯkisama,ohossama / hoʃi,midzɯ,ame,iʃina / iʃi,sɯna,tsɯtʃi,kɯmo,kebɯri,çi,çæː,,mitʃi,jama,aka,akæː,ao,aøː,kiːro,kiːnæː,ʃiro,ʃirøː,kɯro,kɯrøː,jɯːsa / jɯːsari / joːsa,atsyː,sabyː,ippæː,ataraʃiː,eː,maryː,kawakɯ,namae
Aichi,waʃi,anta,waʃiraː,køːtsɯ,kono,søːtsɯ,sono,æːtsɯ,ano,,,ɴ,minna,oøː / joːke,çitotsɯ / ʃitotsɯ,fɯtatsɯ,oːkiː / dekæː,naɡæː,tʃiːsæː / tʃiːkøː,onaɡo,otoko,çi̥to / ʃi̥to,sakana,tori,inɯ,ʃirami,ki,tane,ha,ne,kawa,hada,nikɯ,tʃi,hone,abɯra,tamaɡo,,oppo,hane,kaminoke,atama,mimi,me,hana,kɯtʃi,ha,ʃita / bero,tsɯme,aʃi,çidza,te,hara,kɯbi,tʃitʃi,kokoro,,nomɯ,kɯː,kamɯ,mirɯ,kikɯ,ʃirɯ,nemɯrɯ / nebɯrɯ,ʃinɯ,korosɯ,abirɯ / ojoɡɯ,tobɯ,arɯkɯ / ajobɯ,kɯrɯ,nerɯ,sɯwarɯ,tatsɯ,jarɯ,kɯrerɯ / kɯdarerɯ,jɯː,otentosama,tsɯki / ottsɯkisama,hoʃi / ohossama,midzɯ,ame,iʃina,sɯna,tsɯtʃi,kɯmo,kebɯri,çi,çæː,,mitʃi,jama,aka,akæː,ao,aøː,kiː,kiːnæː / kinæː,ʃiro,ʃirøː,kɯro,kɯrøː,joːsa / joːsari,atsyː,sabyː,joke / ippæː,ataraʃiː,eː,maryː,kawakɯ,namæː / na
Shiga,wataʃi / utʃi / boku,anata / anta / otaku,wataʃira / utʃira / bokura,kore,kono,sore,sono,are,ano,,,ɴ / heɴ,mina,oːi,çitotsu,futatsu,ikæː,naŋai,tʃissai,onna / onaŋo / onaɡo,otoko,çito,sakana,tori,inu / inume,ʃirame,kiː,tane,haː,neː,kawa,hada,niku / miː,tʃiː,hone,abura,tamaŋo,,oː / ombo,hane / keː,kaminoke / kami,atama,mimi,meː,hana,kutʃi,haː,bero / ʃita,tsume,aʃi,hidza,teː,hara,kubi,tʃitʃi / oppai,kokoro,,nomu,kɯː / taberu,kamu / kadʒiru,miru,kiku,ʃiru,neru,ʃinu,korosu / tsubusu,ojoŋu,tobɯ,aruku,kuru,neru,suwaru,tatsu,jaru / taru,kureru,juː,oçiːsaɴ / çi,otsukisaɴ / tsuki,hossaɴ,midzu,ame,iʃi,suna,tsutʃi / doro,kumo,kemuri,çiː,hae,,mitʃi,jama,aka,akai,ao,aoi,kiːro,kiːroi,ʃiro,ʃirøe,kuro,kurøe,baɴ,atsui,samui / sabui,ippæː,sara,eː,marui,kawaku,namae
Mie,waʃi / wataʃi,antasaɴ / otaku / omahaɴ,wataʃira,kore,kono,sore,sono,are,ano,,,ɴ / heɴ,mina / minna,oːi,hitotsu,hutatsu,okkiː / dekkai,naɡai,tʃissai / tʃittʃai / tʃikkoi,onna,otoko,hito,uo / sakana,tori,inu,ʃirami,kiː,tane,haː / happa,neː,kawa,hada,niku,tʃiː,hone,abura,tamaɡo,,ombo / ʃippo,hane,kami,atama,mimi,meː,hana,kutʃi,haː,ʃita / bero,tsume,aʃi,hiza,teː,hara,kubi,tʃitʃi / oppai,kokoro,,nomu,kuː,kamu,miru,kiku,ʃiru,neru,ʃinu,korosu,ojoɡu,tobu,aruku,kuru,neru / nekorobu,suwaru,tatsu,jaru / kuretaru,kureru,juː,ohiːsaɴ,tsuki / otsukisaɴ,hoʃi / hossaɴ,mizu,ame,iʃi,suna,tsutʃi,kumo,keburi / kemuri,hiː,hai,,mitʃi,jama,aka,akai,ao,aoi,kiːro,kiːroi,ʃiro,ʃiroi,kuro,kuroi,joru,atsui,samui / hieru,ippai,ataraʃiː,eː,marui,kawakɯ,naː
Nara,wataʃi / watakuʃi / wate,anta / otaku / antahaɴ,wataʃira / watera,kore,kono,sore,sono,are,ano,dare,,ɴ / hiɴ,minna,joːke / oːi,hitotsu,futatsu,okkiː,naŋai,tʃiŋkoi,onna,otoko,ʃito,sakana,tori,inu / tʃiŋkoro,ʃirame / ʃirami,kiː,tane,haː,neː / nekko,kawa,hada,niku,tʃiː,hone,abura,tamaŋo,,oː,hane,kami,atama,mimi,meː,hana,kutʃi,haː,ʃita / bero,tsume,aʃi,hidza,teː,hara,kubi,tʃitʃi,kokoro,,nomu,kuː,kamu,miru,kiku,ʃiru / wakaru,neru,ʃinu,korosu,ojoŋu,tobu,aruku,kuru,neru / neiru,suwaru,tatsu,jaru,kureharu / kureru,juː,otentosaɴ,otsukisaɴ / tsuki,hossaɴ,midzu,ame,iʃi,suna,tsutʃi,kumo,keburi / kemuri,hiː,hai,,mitʃi,jama,aka,akai,ao,aoi,kiːro,kiːroi,ʃiro,ʃiroi,kuro,kuroi,juru / baɴ,atsui,sabui,ɡjoːsaɴ / ippai,ataraʃiː / sara,eː,marui,kawaku,naː
Kyoto,wataʃi,outʃi / otaku,wataʃira / wataʃijara,kore,kono,sore,sono,are,ano,,,heɴ / ɴ,minna,oːi,ʃitotsu,hutatsu,oːkiː,naŋai,tʃittʃai,onna / onaŋo,otoko,ʃito,uo / sakana,tori,inu / inukoro,ʃirame,kiː,tane,haː,neː,kawa,hada,niku,tʃiː,hone,abura,tamaŋo,,oː / oppo / ʃippo,hane / keː,kami / kaminoke,atama / otsumu,mimi,meː,hana,kutʃi,haː,ʃita / bero,tsume,aʃi,hiza,teː,hara / onaka,kubi,tʃitʃi / otʃitʃi,kokoro,,nomu,taberu / kuː,kamu,miru,kiku,ʃiru,neru,ʃinu,korosu / tsubusu,ojoŋu,tobu,aruku,kuru,neru,suwaru,tatsu,jaru / aŋeru,kureru,juː / ʃaberu,ohisaɴ / hiː / taijoː,otsukisaɴ / tsuki,hoʃi / ohossaɴ,mizu,ame,iʃi / iʃikoro,suna,tsutʃi,kumo,kemuri / keburi,hiː,hai,,mitʃi,jama,aka,akai,ao / awo,aoi,kiːro,kiːroi,ʃiro,ʃiroi,kuro,kuroi,baɴ,atsui,sabui / hieru,tanto / ɡjoːsaɴ / ippai,ataraʃiː / sara,eː,marui,kawaku,namae
Osaka,watai / wataʃi,anta / antahaɴ / aɴsaɴ,watera / wataʃira,kore,kono,sore,sono,are,ano,dare,,heɴ / ɴ,mina / minna / zembu,oi,ʃitotsu,hutatsu,oːkiː,naŋai,tʃittʃai / tʃissai,onna / onaŋo,otoko,hito,sakana,tori,inu,ʃirame,kiː,tane,haː,neː,kawa / kaː,hada,miː / niku,tʃiː,hone,abura,tamaɡo,,oː,hane,kami / kaminokeː,atama,mimi,meː,hana,kutʃi,haː,ʃita,tsume,aʃi,hiza,teː,hara / onaka,kubi,otʃitʃi / tʃitʃi,kokoro,,nomu,taberu / kuː,kamu / kaburu,miru,kiku,ʃiru,neru,ʃinu,korosu / ʃimeru,ojoŋu,tobu,aruku,kuru,neru,suwaru,tatsu,jaru,kureru,juː,ohiːsaɴ,ottsukisaɴ / tsuki,hossaɴ,mizu / miru,ame,iʃi / iʃikoro,suna,tsutʃi,kumo,keburi / kemuri,hiː,hai,,mitʃi,jama,aka,akai,ao,aoi,kiː,kiːroi,ʃiro,ʃiroi,kuro,kuroi,baɴ,atsui,sabui,ɡjoːsaɴ / ippai,ataraʃi / sara,eː,marui,kawaku / kaːku,namae
Wakayama,wataʃi,anata,wataʃira,kore,kono,sore,sono,are,ano,,,ɴ,minna,oi,hitotsu,futatsu,okiː,naŋɡai,tʃissai / komai,onna / onaŋɡo,otoko,hito,sakana,tori,inu / tʃiŋkoro,ʃirame,kiː,tane,haː,neː,kawa,hada / kawa,niku,tʃiː,hone,abura,tamaŋɡo,,oː,hane,atamanokeː,atama,mimi,meː,hana,kutʃi,haː,hita / bero,tsume,aʃi,hida,teː,hara,kubi,tʃitʃi,,,nomu,kuː,kamu,miru,kiku,ʃiru,neru,ʃinu,korosu,ojoŋɡu,tobu,aruku / ʃaruku,kuru,neru,suwaru,tatsu / tateru,jaru,,juː,ohiːsaɴ / ohiːsama,otsukisaɴ / tsuki,hossaɴ / hoʃi,midzu,ame,iʃi / iʃina,suna,tsutʃi,kumo,keburi,hiː,hai,,mitʃi,jama,aka,akai,ao,aoi,,kiːroi,ʃiro,ʃiroi,kuro,kuroi,baɴ,atsui,sabui,ippai / joːke,ataraʃi,eː,maːrui,kawaku,naː
Hyogo,wataʃi / watai,antahaɴ / omahaɴ,wataʃira / wataira,koe / kore,kono,soe / hore,sono,ae / are,ano,,,ɴ / heɴ,minna / dembu,oːi / ʒoːsaɴ,hitotsu,hutatsu,oːkeː,naŋai,komai,onaŋo,otoko,hito,ʒako,tori,inu,ʃirame,kiː,tane,haː / happa,neː,kawa,hada / hifu / ʒihada / kawa,niku,tʃiː,hone,abura,tamaŋo / tamako,,oː / ʃirippo,hane,kaminokeː,atama,mimi,meː,hana,kutʃi,haː,bero / ʃita,tsume,aʃi,hida,teː,hara / onaka,kubi,tʃitʃi,kokoro,,nomu,kuː / taberu,kamu / kaburu,miru,kiku,ʃiru,neru / neburu,ʃinu,korosu / tsubusu,ojoŋu,tobu,aruku,kuru,neru / jokorobu / korobu,suwaru,tateru / tatsu,jaru / taru,kureru,juː,ohisaɴ / konnittaɴ / otentohaɴ / hiː / oteri,otsukisaɴ / tsuki,hossaɴ,mizu,ame,iʃi,suna,tsutʃi,kumo,keburi / kemuri,hiː,hai,,mitʃi,jama,aka,akai,ao,aoi,kiː,kiːroi,ʃiro,ʃiroi,kuro,kuroi,joru / josari / baɴ,atsui / nukui,sabui,ippai / kokkiri / kokkirikoː / katsukatsu / joːke,ataraʃi / sara,eː,marukoi,kawaku / haʃʃaŋu,namae / naː
Okayama,wataʃi,anta,wataʃiraː,keː,keːno,seː,seːno,eː,eːno,,,ɴ,minna / mina,oeː,hitotsu,futatsu,oːkeː,naɡæː,komæː,onaɡo,otoko,hito,sakana,tori,inu,ʃirami,ki,tane,happa,ne,kawa,hada,niku,tʃi,hone,abura,tamaɡo,,ʃippo,hane,kami,atama,mimi,me,hana,kutʃi,ha,bero,tsume,aʃi,hiza,te,hara,kubi,tʃitʃi,kokoro,,nomu,kuː,kamu,miru,kiku,ʃiru,neru,ʃinuru,korosu / ʃinasu,ojoɡu,tobu,aruku,kuru,neru,suwaru,tateru / tatsu,aɡeru,kureru,juː,tæːjoː / tæːjoːsama / ohisama / nittennoːsama,otsukisama / tsuki,hoʃi,mizu,ame,iʃi,suna,tsutʃi,kumo,kemuri,hi,hai,,mitʃi,jama,aka,akæː,ao,aweː,kiːro,kiːna,ʃiro,ʃireː,kuro,kureː,baɴ,atsiː,samiː / sabiː,ippæː / bokkoː / ɡjoːsaɴ,ataraʃiː,eː,mariː,kawaku / hiru,nameː
Hiroshima,waʃi,anta,waʃira,kore,kono,sore,sono,are,ano,,,ɴ,minna,oiː,çitotsu,futatsu,oːkeː / futoi,naɡaː,komaː,onaɡo,otoko,çito,io / sakana,tori,inu / tʃiŋkoro,ʃirame,ki,tane / sane,ha,ne,kawa,hada,niku,tʃi,hone,abura,tamaɡo,,ombatʃi,hane / haneɡe,kamiɡe,atama,mimi,me,hana,kutʃi,ha,bero,tsume,aʃi,çiza,te,hara,kubi,tʃitʃi,kokoro,,nomu,kuː,kamu / kaʒiru,miru,kiku,ʃiru / wakaru,neburu,ʃinuru,konosu,ojoɡu / abiru,tobu,aruku,kuru,neru,suwaru,tatsu,jaru,kureru,juː,oçiːsaɴ,ottsukisaɴ / tsuki,hoʃi,mizu,ame,iʃi / iʃikoro,suna,tsutʃi,kumo,keburi,çi,hai,,mitʃi,jama,aka,akaː,ao,aoi,kiː,kiːna,ʃiro,ʃiroi,kuro,kuroi,joru,atsui,sabui,ippai,niːna,eː,marui,çiru,namae
Yamaguchi,wataʃi / boku,anata,wataʃitatʃi / bokuraː,kore,kono,sore,sono,are,ano,dare,,ɴ,minna,oiː,çitotsu,futaːtsu,oːkina,naɡæː,komæː,onna,otoko,çito,sakana,tori,inu,ʃirami,ki,tane / sane,ha,ne,kawa,hada,niku,tʃi,hone,abura,tamaɡo,,ʃippo / oppo,hane,kami / kamiɡe / kaminoke,atama,mimi,me,hana,kutʃi,ha,ʃita / bero,tsume,asi,çidza,te,onaka,kubi,otʃitʃi,kokoro,,nomu,taberu,kamu,miru,kiku,ʃiru,neru / nemuru,ʃinuru,korosu,ojoɡu,tobu,aruku,,neru,suwaru,tatsu,jaru,,juː,tæːjoː / oçisama,tsuki,hoʃi,midzu,ame,iʃi,suna,doro,kumo,kemuri,çi,hæː,,mitʃi,jama,aka,akæː,ao,aøː,kiː,kiːrøː,ʃiro,ʃirøː,kuro,kurøː,joru / baɴ,atsiː,samiː,ippæː,ataraʃiː,eː,marwiː,kawaku / çiru / iraku,namæː
Tottori,waʃi / wataʃi,omaesaɴ / anta,waʃiraː / wataʃiraː,kore / koitsɯ,kono,sore / soitsɯ,sono,are / aitsɯ,ano,dare,,ɴ / seɴ,minna,oːi,çitotsɯ,fɯtatsɯ,oːkiː,naɡai,komai / tʃiːsai,onaɡo,otoko,çito,sakana,tori,inɯ / inɯkoro,ʃirami,ki,tane,happa / ha,ne,kawa,hada,nikɯ,tʃi,hone,abɯra,tamaɡo,,ʃi̥ppo / ʃirio / o,hane,kami,atama,mimi,me,hana,kɯtʃi,ha,ʃita,tsɯme,aʃi,çiza,te,hara / onaka,kɯbi,tʃitʃi,kokoro,,nomɯ,kɯː / taberɯ,kamɯ,mirɯ,kikɯ,ʃirɯ,nerɯ / nererɯ,ʃinɯrɯ,korosɯ,ojoɡɯ,tobɯ,arɯkɯ,kɯrɯ,nerɯ / naɡabarɯ,sɯwarɯ,tatsɯ,jarɯ / aɡerɯ,ɡosɯ / ɡoserɯ,jɯː,taijoː / otentosaɴ,tsɯki / otsɯkisaɴ,hoʃi,midzɯ,ame,iʃi,sɯna,tsɯtʃi,kɯmo,kemɯri / kebɯri,çi,hai,,mitʃi,jama,aka,akai,ao,aoi,kiːro,kiːna,ʃiro,ʃiroi,kɯro,kɯroi,joːsari,atsɯi,samɯi,ippai,ataraʃiː,eː,marɯi,kawakɯ,namae
Shimane,te̝mae̝ / watasï / watakɯ̥̈sï,omae̝saɴ / anta,te̝mae̝domo / te̝mae̝jatsï / watasï̥domo / watasï̥jatsï / watasï̥ratsï / watasï̥ra,,,,,aː / are̝ / ae̝tsï,ano,,,ɴ / no / he̝ɴ,me̝nna,oːe̝,fɯ̥totsï,fɯ̥̈tatsï,oːksï̥na,naɡae̝,hoʃe̝,onaɡo,otoko,fɯ̥̈to,sakana,toː,e̝no / ïnɯ̈,sï̥ramï / sïrame̝,ksï,tane̝,ha,ne̝,kawa,hada,ne̝kɯ̈,tsï,hone̝,abïra,tamaɡo,,sïːbo,hane̝,kamï / kaŋŋe̝,atama,mïmï,me̝,hana,kɯ̥̈tsï,ha,ʃï̥ta,tsï̥me̝,asï,fɯ̥̈dza,te̝,hara,kɯbï,tsï̥tsï,kokoro,,noɴ,kɯ̈ː,kaɴ,mïː,ksï̥kɯ̈,sïː / wakaː,ne̝ː,sïnoː,korosï,ojoɡɯ̈,tobï,arïkɯ̈,kɯ̈ː,ne̝ː,ne̝maː / sï̥waː,tatsï / tate̝ː,jaː,ɡosï,ïː,ote̝ntosaɴ / konnïttsaɴ,tsï̥ksï,hosï̥,me̝dzï,ame̝,e̝sï,sï̥na,tsï̥tsï,kɯ̥mo,ke̝moː,fɯ̈,hae̝,,me̝tsï,jama,aka,akae̝ / ake,ao,aoe̝ / awe,ksïːro,ksïːroe̝,sï̥ro,sïroe̝,kɯ̈ro,kɯ̈roe̝,joː / baɴ,atsïː / atsï,samïː / samï,e̝ppae̝,atarasï / sarana,e̝,marï,kawakɯ̈ / fïː / fɯ̈ː,namae̝
Tokushima,wataʃi,anata / anta,wataʃira,kore,kono,hore,hono,are,ano,,,ɴ,mina,oːi,hitotsu,futaːtsu,oːkiː,naɡai,komai,onaɡo,otoko,hito,sakana / uo,tori,inu,ʃirame,kiː,tane / sane,haː,neː,kawa,hada,niku,tʃiː,hone,abura,tamaɡo,,oː,hane,kami,atama,mimi,meː,hana,kutʃi,haː,ʃita / beːro,tsume,aʃi,hiza,teː,hara,kubi,tʃitʃi,kokoro,,nomu,kuː / taberu,kamu,miru,kiku,ʃiru,nemɯru / neburu / neru,ʃinu,korosu,ojoɡu,tobu,aruku,kuru,neru,suwaru,tatsu / tateru,jaru / aɡeru,kureru,juː,ohiːsaɴ / otentosaɴ,tsuki,hoʃi,mizu,ame,iʃi,suna,tsutʃi,kumo,kemuri,hiː,hai,,mitʃi,jama,aka,akai,ao,aoi,kiːro,kiːroi,ʃiro,ʃiroi,kuro,kuroi,joː / joːsa / baɴ / baŋɡata,atsui,samui,ippai / makemake,ataraʃiː / sara,eː,marui,kawaku,namae
Kagawa,ora / otaʃi,anta,oratatʃi / otaʃira,kore,kono,sore,hono,are,ano,,,,minna,oːi,çitotsu,futatsu,oːkiː,naɡai,kommai,onaɡo,otoko,çito,sakana,tori,inu,ʃirami,kiː,tane,ha,ne,kawa,hada,niku,tʃiː,hone,abura,tamaɡo,,oː,hane,kami,atama,mimi,meː,hana,kutʃi,haː,ʃita / bero,tsume,aʃi,çiza,teː,hara / onaka,kubi,tʃitʃi / otʃitʃi / oppai,kokoro,,nomu,taberu,kamu,miru,kiku,ʃiru,neru,ʃinu,korosu,ojoɡu,tobu,aruku,kuru,neru,suwaru,tateru,aɡeru / jaru,,juː,oçiːsaɴ,otsukisaɴ / tsuki,ohossaɴ,mizu,ame,iʃi / iʃikoro,suna,tsutʃi,kumo,kemuri / keburi,çiː,hai,,mitʃi,jama,aka,akai,ao,aoi,kiː,kiːroi,ʃiro,ʃiroi,kuro,kuroi,joru,atsui,sabui,joːke / ippai,ataraʃiː,eː,marui,kawaku,namae
Kochi,wataʃi,omasaɴ / anata,wataʃiraː,kore,kono,sore,hono,are,ano,,,ɴ,minnaː,joke,hitotsu / hittotsu,futaːtsu,futoi,naŋɡai,kommai / hosoi,onna / onaŋɡo,otoko,hito,sakana,tori,inu,ʃirami,kiː,tane,ha,neː,kaː,handa,niku,tʃi,hone,abura,tamaŋɡo,,obatta / obatʃi,hane,kami,atama,mimi,meː,hana,kutʃi,ha,ʃita / bera,tsume,aʃi,hiza,teː,hara,kubi,tʃitʃi / otʃitʃi,kokoro,,nomu,kuː / taberu,kamu,miru,kiku,ʃiru,nemuru / neburu,ʃinuru,korosu,ojoŋɡu,tobu,aruku,kuru,neru,izaru,tateru,jaru,,juː,ohiːsaɴ / otentosaɴ,tsuki / otsukisama,hoʃi,mindzu,ame,iʃi,suna,tsutʃi,kumo,kemuri / keburi,hiː,hai,,mitʃi,jama,aka,akai,ao,aoi,kiː,kiːroi / kiːna,ʃiro,ʃiroi,kuro,kuroi,joru / baɴ,atsui,hijai,ippai,ataraʃiː / sara,ei,marui / maːrui,kaːku,namae
Ehime,wataʃi / watakuʃi,anata,wataʃira,kore,kono,sore,hono,are,ano,,,ɴ,minna,oːi,çitoːtsu,futaːtsu,oːkei,naɡai,kommai,onna,otoko,ʃito,sakana,tori,inu,ʃirami,kiː,tane / sane,haː / happa,neː,kawa,hada,niku,tʃiː,hone,abura,tamaɡo,,oppo,hane,kami,atama,mimi,meː,hana,kutʃi,haː,ʃita / bero,tsume,aʃi,çiza,teː,hara,kubi,tʃitʃi / oppai,kokoro,,nomu,taberu / kuː,kamu,miru,kiku,ʃiru,nemuru / neburu,ʃinuru,korosu,ojoɡu,tobu,aruku,kuru,neru / nemuru,suwaru,tatsu,aɡeru,,juː,çiː,tsuki,hoʃi,mizu,ame,iʃi,suna,tsutʃi,kumo,keburi / kemuri,çiː,hai,,mitʃi,jama,aka,akai,ao,aoi,kiː,kinai,ʃiro,ʃiroi,kuro,kuroi,joru,atsui,sabui,ippai,ataraʃiː / sara,eː,marui,kawaku,namae
Oita,waʃi,anta,waʃidoː / wassoː,koitu / kore,koɴ,soitu / sore,soɴ,aitu / are,aɴ,dari / dare,,ɴ,minna / mina,owiː / oiː,çi̥totu̥,fu̥tatu,fu̥tiː / okkiː / oːkena / uːkeɴ,naɡeː,kommeː,onaɡo,otoko,çi̥to,sakana / ijo,tori,iɴ / inu,ʃirame,ki,tane,ha,ne,kawa,hada,niku / mi,tʃi,hone,abura,tamaɡo,,o / ʃirijo,hane,kami / kaminoke / atamaŋke,atama,mimi,me,hana,ku̥tʃi,ha,ʃi̥ta / bero,tsume,aʃi,çida / tsubuʃi,tʃe,hara,kubi,tʃitʃi,kokoro,,nomu,kuː,kamu,miru,ki̥ku,ʃiru,neru / nemuru,ʃinuru,korosu / ʃimuru,ojoɡu,tobu,ajumu / aruku,kuru,neru / ku̥tawaku,suwaru,tatsu,jaru,kururu / jaru,juː,oçisaɴ,otsuki̥saɴ / tsu̥ki,hoʃi / hossama,mizu,ame,iʃi,suna,tsutʃi,kumo,kemuri,çi,heː / feː,,mitʃi,jama,aka,akeː,ao,awiː / aiː,kina,kineː,ʃiro,ʃiriː,kuro,kuriː,joru / baɴ,atʃiː / atiː,samiː,ippeː,ataraʃiː,iː,mariː,kawaku / iroku / çiru,na
Fukuoka,ataʃi,anata,ataʃidatʃi,kore,kono,sore,hono,are,ano,,,ɴ,soːjo,oːka,çi̥totsu / çi̥toːtsu,fu̥tatsu / fu̥taːtsu,oːkka / oːɡoto,naŋka,komaka,onaɡo / onna,otoko,çi̥to,io / sakana,tori,iɴ,ʃirami,ki,tane / sane,ha,ne,kawa,hara,niku,tʃi,hone,abura,tamaɡo,,ʃippo / ʃirippo,hane,kamiɡe,atama / dzuku,mimi,me,hana,ku̥tʃi,ha,ʃi̥ta,tsume,aʃi,çidza,te,hara,kubi,tʃitʃi,kokoro,,nomu,kuː / taberu,kamu,miru,kiku,ʃiru,nemɯru / neiru / nenemuru,ʃinu / ʃinuru,korosu,ojoɡu,tobu,ajumu / aruku,kuru,neru,suwaru,tatsu,jaru,jaru,juː,otentoːsaɴ / oçisama / taijoː,tsu̥ki / otsuki̥saɴ,hoʃi,midzu,ame,iʃi,suna,doro,kumo,kemuri,çi,hai,,mitʃi,jama,aka,akaka,ao,aoka,kina / okoɴ,okoŋka / kinaka,ʃiro,ʃiroka,kuro,kuroka,josari / juːsari,atsu̥ka / nukka,samuka / samiː / saŋka,ippai,ataraʃi̥ka,joka,maruka,kawaku / çiaɡaru / kaːku,namae
Saga,wataʃi / watai,anta,wataʃi̥tatʃi / wataitatʃi,koi,kono,soi,hono,ai,ano,dai,,ɴ,ʃi̥kkjaː,uːka,çi̥totsu,fu̥tatsu,fu̥toka,naŋka,komaka,onaɡo / onna,otoko,çi̥to,iwo,toi,iɴ,ʃirami,ki,sane,ha,ne,kawa,hada,niku,tʃi,hone,abura,tamaɡo,,o / ʃippo,hane,kami / kamiɡe,atama,mimi,me,hana,kutʃi,ha,bero / ʃita,tsume,aʃi,çidza,te,hara,kubi,tʃittʃiː,kokoro,,nomu,kuː,kamu,miː,kiku,ʃiʔ,nuʔ,ʃiɴ,korosu,ojoɡu,tobu,ajubu / saːku,kuː,nuʔ,suwaː,tatsu,jaː / kuruʔ,kuruʔ / jaː,juː,çi / tentoːsaɴ,tsu̥ki / otsu̥kisaɴ,hoʃi,midzu,ame,iʃi,dzuna,doro,kumo,kebui / kemui,çi,çaː,,mitʃi,jama,aka / akka,akka,ao,aoka,kinnaka,kinnaka,ʃiro,ʃiroka,kuro,kuroka,joru / baɴ / josai,nukka,çijaka,ippjaː,ataraʃi̥ka,joka,maːka,kawaku / sajuʔ,na
Nagasaki,wataʃi,anata,wataʃidomo,koi,koɴ,soi,soɴ,ai,aɴ,,,ɴ,minna,oːka / uːka,çi̥totsu,fu̥tatsu,oːki̥ka,naɡaka,tʃiːsaka,onna,otoko,çi̥to / ʃito,uo / sakana,tori / toi,inu / iɴ,ʃirami,ki,tane,ha,ne,kawa,hada,niku,tʃi,hone,abura,tamaɡo,,o / ʃippo / oppo,hane,kami / kamiŋɡe,atama,mimi,me,hana,ku̥tʃi,ha,bero,tsume,aʃi,çidza,te,hara / onaka,kubi,tʃi̥tʃi / oppai,kokoro,,nomu,kuː,kamu / kaɴʃaɡu,miʔ,ki̥ku,ʃiru,nemuʔ,ʃinu,korosu,ojoɡu,tobu,aruku / saruku,kuru,nuru,suwaʔ,tatsu,jaru,kururu,juː,taijoː / oçisaɴ / çi,tsu̥ki,hoʃi,midzu,ame,iʃi,suna,tsu̥tʃi,kumo,kemuri,çi,hai,,mitʃi,jama,aka,akaka,ao,aoi,kiːro,kiːroka,ʃiro,ʃiroka,kuro,kuroka,joru / baɴ,atsu̥ka,samuka,ippai,ataraʃi̥ka,joka,maruka,kawaku,namaje
Nakadori,or,anata,orudoɡa,kor / kori̥,koɴ,sori̥,soɴ,ar,aɴ,danna,,,,jonnika,çitoʔ,futaʔ,futoka,naŋka,kommaka,onaɡo,otoko,ʃi̥to,ijo / juwo,tor,iɴ,ʃiraɴ,ki,,ha,ne,kawa,hada,niʔ,tʃi,hone,arba,tamaɡo,,ʃiribo,hane,kaira,atama,miɴ,me,hana,kuʔ,ha,bero,tsume,ai / aʃ,tsubuʃ,te,hara,kub / kupitama,tʃi̥tʃi,,kimo,nom,kuː,,mir,kuk,ʃiru̥,nebur,ʃiɴ,,,tow,ajuɴ,,,suwar,taʔ,,,juː,çi / oçisaɴ / otentosama,otsussama,hoç / hoʃ,,ame,içi / iʃ,zuna,doro / tsuʔ,kumo,kebur,çi,çja,,miʔ,jama,aka,,ao,,kiɴiro,,ʃiro,,kuro,,baɴ / jor / josai / josari / josaʔ,atsuka,sabuka,,,joka,,,
Fukue,oʔ / wataʔ / wataçi̥,anata,,koʔ,koɴ,soʔ,soɴ,aʔ,aɴ,dari,,,,oːka,çitoʔ,futaʔ,okkenaka,naŋka,kemmaka / kommaka,onaɡo,otoko,çito,ijo / joː,tor,iɴ,ʃirame,ki,,ha,ne,kawa,hada,,tʃi,,abba,tamaɡo,tsu̥no,ʃippo,hane,kaŋɡe,atama,miɴ,me / meppo,hana,kuʔ,ha,bero,tsume,açi / aʃ,tsuboçi / tsuboʃi / tsubuçi / tsubuʃi,te,,kupitama,tʃi̥tʃi,kokoro / konʒo,,noɴ,kuː,,miʔ,kiʔ,ʃiʔ,nemuʔ,ʃiɴ,,,toɴ,ajuɴ,kur / kuʔ,,suwaʔ,taʔ,,,juː,çi / oçisaɴ / otentosaɴ,otsussama / otsussaɴ,hossaː / hoʔ,miɴ,ame,içi̥,suna / zuna,doro / tsutʃi,ku̥mo,kebuʔ,çi,çjaː,,miʔ,jama,akka,,awo,,kinnaka,,ʃiro,,kuro,,jor / josar,,saːka / ʃiɡaraʃika,,,joka,,,
Miyazaki,ore / waʃi̥ / wataʃi̥,omae,oddomu / waʃi̥tatʃi̥ / wataʃi̥tatʃi̥,kore,koɴ,sore,soɴ,are,aɴ,,,ɴ,minna,owi,ʃitotsu̥,fu̥tatsu̥,futi̥ / okkene,naɡe,komme,onaɡo,otoko,çi̥to,iwo / sakana,tori,iɴ,ʃirame,ki,sane,ha,nje,kawa,hada,niku / mi,tʃi,hone / honje,abura,tamaɡo,,ʃirippo,hane,atamaŋke / bintaŋke,binta / atama / tsuburi,mimi,me,hana,kutʃi,ha,bero,tsume,aʃi̥,çiza,tʃe,hara,kubi,tʃi̥tʃi,,,nomu,kuː / taburu,kamu,miru,kiku̥,ʃiru,njemuru,keʃinuru,korosu̥ / tsubusu̥,oeɡu,tobu,ajumu / saruku̥,kuru,njeru / neru / çiŋnjemuru,suwaru,tatsu̥,jaru,kururu,juː,oçisama / nitteɴsama,tsuki̥,hossama,mizu,ame,iʃi̥ / iʃikoro,masaɡo,tsutʃi̥,kumo,kemuri,çi,fe,,mitʃi̥,jama,aka,ake,aoi,awi,kiːro / kinairo / ukoɴiro,kinairo,ʃiro,ʃiri,kuro,kuri,joru,atʃiː,sami,ippe / zubatsu,nintona,iː,mammari,kawaku̥ / koraɡu / çiaɡaru,na / namae
Kumamoto,wataʃi̥,aːta,wataʃidoɴ,koru,koɴ,soru,soɴ,aru,aɴ,,,ɴ,mina,oːka,çi̥totsu,fu̥taˑtsu,fu̥toka,naŋka,komaŋka,onaɡo,otoko,çi̥to,iwo,tori,iɴ,ʃirameˑ,ki,tane,ha,ne,kawa,hada,niku / miˑ,tʃiː,hone,abura,tamaɡo,,ʃiribo,hane,kaŋɡe,atama,mimi,me,hana,kutʃi̥,ha,ʃi̥ta / bero,tsume,aʃi,çiza,te,hara,kubi,tʃiː,kokoro,,nomu,kuː,kamu,miru,kiˑku̥,wakaru / ʃiru,neburu,ʃinuru,korosu,ojeɡu / ojoɡu / abiru,tobu,ajubu / aruku / sareku,kuru / kuʔ,nuru,suwaru,tatsu,jaru,kururu,juː,çi / oçisaɴ,tsuki / otsuki̥saɴ,hoʃi,mizu̥,ame,iˑʃi̥,suna,tsutʃi,kumo,keburi / kemuri,çiː,çaː,,mitʃi̥,jama,aka,akka,ao,aoka,kina,kinnaka,ʃiro,ʃiroka,kuro,kuroka,josari / baɴ,nukka,saŋka,ippjaː,ataraʃi̥ka,jokaˑ,maruka,kawaku̥ / çiru / çiaɡaru,naˑ
Kagoshima,atai,omaɴsaˑ / anta,ataitaʔ,koi,koɴ,soi,soɴ,ai,aɴ,,,ɴ,minna,ue,çi̥toʔ,futaʔ,fute,naɡe,kome / tʃiŋke,onaɡo,otoko,çi̥to,iwo,toi,iɴ,ʃi̥tame,ki,tane,ha,ne,kaa / kawa,hada,niʔ,tʃiˑ,hone,abura,tamaɡo,,ʃiːbo,hane / haneɡe,kannoke / kaɴ,zu / binta,miɴ,me,hana,kuʔ,ha,ʃi̥ta / bero,tsume,aʃ,çidza,te,hara,kuʔ,tʃi̥tʃi,kokoro,,noɴ,ku,kaɴ,miʔ,kiʔ,ʃiʔ,nemuʔ,keʃiɴ,koros / tsumuʔ,ojoʔ / oeʔ,toʔ,ajuɴ,kuʔ,neʔ,suwaʔ,taʔ,jaʔ,kuruʔ,ju,oçisaː,otsussaa / tsuʔ,hoʃ,miʔ,ame,iʃ,dzuna,tsuʔ,kumo,kemui / kebui,çi,heˑ,,miʔ,jama,aka,ake,ao,aoka,kinairo,kiːka,ʃiro,ʃire,kuro,kure,joi,atʃi,sami / çijuʔ,ippe,nike,joka,mammari / mari,koraʔ / çiaɡaʔ / kawaʔ / kaaʔ,namae
Kamikoshiki,oi / waʃi,omaisama,oidomo / waʃidomo,koji,koɴ,soi,soɴ,ai,aɴ,,,,,uːka,futoːtsu,futaːtsu,,naŋka,,onaɡo,otoko,futo,ijo,toi,iɴ,ʃirame,ki,,ha,ne,kawa,çiçi,,tʃi,hone,abura,,keɴ / tsuno,ʃiːbo,,bintaŋke / kaʃiraɡe,binta,miːmi,mentoː,hana,kutʃi,ha,çita / suta,tsume,aːʃi,tsumbuʃi,te,hara,kubi,tʃitʃiː,,kimo,nomu,kamu / kuː,,miː,,ʃiː,nebui,ʃiɴ,,,tobu,aibu,kui,,suwai,tatsu,,,juː,,tsuki,hoːʃi / hoːʃidoɴ,mizu,ame,iːʃi,suna,tsutsu,kumo,kebui,çi,çjaː,,mitʃi,jama,aka,,,,kiː / kiːiro,,ʃiro,,,,baɴ / joːru,homekka,çijaka,,,joka,,,
Shimokoshiki,watakuʃi,omaisama,oindomo,koji,koɴ,hoi / soi,soɴ / haɴ,ai,aɴ,,,,,uːka,futotsu,futaːtsu,,naŋka,,onaɡo,otoko,futo,iwo,toi,,ʃirame,ki,,ha / fa,,kawa,çiçi / hada,mi,tʃi,hone,abura,,keɴ / tsuno,obatʃi / ʃiɡobatʃi / ʃiŋɡo,,atamaŋke / bintaŋke / kaʃiraɡe,atama / binta,mimi,me / mentsuː,hana,kutʃi,ha,ʃida,tsume,aʃi,tsumbuʃi,te,hara,kubi,tʃitʃiː,,kimo,nomu,kamu / kuː,,miru,,ʃiːru,neburu,ʃinuru,,,tobu,aibu,kuru,,suwaru,tatsu,,,juː,,tsuki,hossama / hoʃi,,,iʃi,suna,tsutsu,,kebui,çi,çeː,,,jama,aka,,,,kiː,,,,,,joːi / joru,nukka,çijaka,,,joka,,,
Tanegashima,oi / ore,omae / omaesama,domo,koi / kore,koɴ / kono,soi / sore,soɴ / sono,ai,aɴ / ano,da / dai / dare,,,,oːka,çitoːtsu,futaːtsu,,naŋka,,onaɡo,otoko,ʃito,iwo,tori,iɴ,ʃirami,ki,,ha,ne,kawa,,,tʃi,hone,,tamaɡo / taɡamo,tsuno,ʃippo / ʃiribo,hane,bintaŋke / kami / kaminoke,binta,mimi,me,hana,kutʃi,ha,suta / ʃida,tsume,aʃi,tsubuʃi,te,hara,,tʃitʃiː,ʃiɴ / ʃiɴnozoː,,nomu,kuː,,miru,kiku,ʃiru,neːru,ʃinuru,,,tobu,aruku / saruku / ʃariku / ʃaruku,kuru,,suwaru,tatsu,,,juː,çi / oçisama / tentoːsama,otsukisama / tsuki,hoʃi / hoʃisama / ohoʃisama,mizu,ame,iʃi,suna,doro / tsutsu,kumo,kemuri,çi,haː,,mitʃi,jama,akka,,,,kiː,,ʃiro,,kuro,,joru,homeku / honaku,çijaka,,,joka,,,
Yakushima,o / oi,omi,ndo / ndomi,koi,koɴ,soi,soɴ,ai,aɴ,da / dai,,,,oːka,çitoːtsu,futaːtsu,,naɡeː / naːka,,onaɡo,otoko,çito,iwo,toi,iɴ,,ki,,ha,,kawa,hara,mi,tʃi,hone,abba,,,ʃiːbo,,atamaŋke / bintaŋkeː,binta,miːmi,me,hana,kuːtʃi,ha,beː / ʃida,tsume,aːʃi,tsubuʃi,te,hara,,,,kimo,nomu,kuː,,miru,kiku,ʃiru,neburu,ʃinuru,,,tobu,ajumu / aruku / ʃariku,kuru,,suwaru,tatsu,,,juː,çi / oçisama / otenʒoːsama,otsukisama / tsuki,hoʃi / hoʃisama,miːzu,ame,iːʃi,,tsutsu,kumo,kemui,çi,çeː,,miːtʃi,,,,,,kiːro,,ʃiro,,kuro,,joru,homeku,çijaka,,,joka,,,
Kikai,waɴ,naːmi,waːkja,furi,funu / fuɴ,uri,unu,ari,anu,daː,,,muru,ɡabaːɴ,ttitu,ttaːtu,ubɨsaɴ,naɡasaɴ,inasaɴ,wunaɡu,jiŋɡa,ttʃu,,turi,iɴ,ʃirami,ki,,haː,,kawa,,ʃiʃi,tʃiː,funi,abba,tamaɡu,ttunu,du / duː / dzuji,hani,hassa / kaʃiraɡe,hamatʃi,mimi,miː,hana,kutʃi,haː,suba,tsumi,sɨ̥sa / ssa,tsubuʃi,tiː,wata,kubiː,ttʃiː,,,,,,,kikuɴ,,nibbjuɴ,ʃinjuɴ,,,tubjuɴ,,kjuːɴ,,i̥juɴ,tatsuɴ,,,,tida,tsukki,fuʃi,midzu,ami,iʃi,suna,mitʃa,kumu,çibuʃi,umatsu,hai / juni,,mitʃi,jama,aː,,oː,,kiːruː,,ʃiru,,kuru,,juru,attsaɴ,fiːsaɴ,,,jutaʃaɴ,,,
Naze,waɴ,naɴ,wakja,kuri,kuɴ,uri,uɴ,ari,aɴ,taru,,,,fusaɴ / fisaːɴ / soːɡawasaːɴ,tiːtsɨ / tɨːtsɨ,taːtsɨ,fusaɴ,naɡasaːɴ,ɡinasaːɴ,unaɡu,jiŋɡa,tʃu,,turi,iɴ,ʃiraɴ,,,,nɨ,,,maʃiʃi,,,abura,kuɡa,tsɨnu,dzɨbu / dzubu / dzumu / dʒuː,hanɨ,kamatʃinukɨ / kamatʃiŋkɨ / kaʃiraɡɨ,kamatʃi / tsiburu / tʃiburu / kaʃira,miɴ,mɨ,hana,futʃi,fa,sɨba,,haɡi,tʃibuʃi / tsɨbuʃi,,wata,kubi,tʃi / tʃittʃi,,,,kamjuɴ,,,kikjuɴ,,nibuɴ,ʃinjuɴ,,,,,kjuɴ,,,,,,,tida,tiki / tʃiki / tsuki,fuʃi,,amɘ / amɨ,iʃi,ʃina,,kumo / kumu,kɨbuʃi / kibuʃi,ʔmatʃi / umatʃi / umatsɨ,pe,,mitʃi,jama,haː / aha / aka,haːsaɴ,oː,,ki / kiːru,,ʃiruː,,kuru,,juru,atʃisaɴ,çiɡurusaɴ,,,ittʃaɴ,,,
Sumiyo,waɴ,naːɴ,wakja,kuːri,kuɴ,urɨ,uɴ,ari,aɴ,,,,ɡusuto,uɡutu,ttiːtsɨ,ttaːtsɨ,uçɨsaːɴ,naɡasaːɴ,ɡunjasaɴ,wunaku̥,jiŋɡa,ttʃuː,,,,ʃiraɴ,,,,,koː,,mi / miː,tʃiː,funi,abura,kuɡaː,,,,kamatʃinukɨ / kamatʃinusɨzɨ / kaʃiraɡe,kamatʃi,mimi,mɘː,fana,kutʃi,haː,sɨba,ttsɨmɨ,haɡi,tsɨbuʃi,tiː,,kubu̥ / kubi / nubɘ,tʃiː,,,,,,,kikjuɴ,,nɨbɨrjuɴ / nibɨrjuɴ,ʃinjuɴ,,,tubjuɴ,,kjuɴ,,jijuɴ,tatʃuɴ,,,ʔjuɴ,,,,mɨti̥,,,,,,kɨbuʃi,ʔmatsɨ,fɛː,,,,aha / ahaː,,oː,,kiːrjo,,ʃiru,,kuru,,,attsaːɴ,çiɡurusaɴ,,,jittʃaɴ,,,
Koniya,waɴ,nami,wakja / waːkja,kuːri,kuɴ,uri,uɴ,ari,aɴ,taːri̥,,,,fuːsam,ttiːt,ttaːt,utesam,naɡasaːm,,wunaku̥,jiŋɡa,ttʃuː,ʔjuː,turi,iɴ,ʃirjam / ʃirjami̥,kɨ / kɨː,,faː,nɨː,koː,,ʃiʃi / maʃiʃi / mi / miː,tʃiː,funi,abura,kuɡaː,ttino,dibo,hanɨː / haniː,,tsuburu,mimi,mɘː,fana,,,,ttimɨ,haɡi,ttibuʃi,tiː,wata,kubu̥ / nubɘ,tʃiː,,,,,,,,,,,,,,,,,,,,,,tida,tʃiki,fuʃi,mɨti̥,amɘ / amɨ,iʃi̥ / iʃiː,sɨna,mitʃa,kumo,kɨbuʃi,ʔmati,fɛː,,mitʃi,jama,haː,,oː,,kiːirju,,ʃiru / ʃirju,,kuru,,juru,,,,,jittʃam,,,
Kakeroma,waɴ,nam,wakja,kuːrɨ,kuɴ,urɨ,uɴ,arɨ,aɴ,,,,,ufuːsam,ttiːt,ttaːt,futesam / uçɨsam / uçɨsaːm,naɡasaːm,çiɡisam / insam,wunaku̥,jiŋɡa,tʃu,,tuːrɨ,iɴ / iːɴ,,,,,,kuː,,miː / ʃiʃi,tʃi / tʃiː,funi,apura,kuɡaː,,deboː,hanɨ,kamatsɨkɨ,kamatʃi,mimi,mɘ,hana,ɡutʃi / kutt,fa,ʃaː,timɨ / ttimɨ,haɡi,tibuʃi / ttibuʃi,tiː,wata,nubɘ / ɡuppu,tʃi,,,,,,,,,,,,,,,,,,,,,,tida,tiki,fuʃi,mɨti̥,amɨ,iʃi,sɨna,mitʃa,kkumo,kɨbuʃi,umati̥,fɛi,,mitʃi,jama,,,oː,,kiːirju,,ʃiru,,kuru,,juru,attam,çiːsaɴ,,,jittʃam,,,
Tokunoshima,waɴ,uri,wakja,kuri,kuɴ,uri,uɴ,ari,aɴ,taru,,,muru,fuːwaɴ,ttiːtsɨ,ttaːtsɨ,futeː / fɛːhaɴ,naɡɛhaɴ,ɡunjaːɴ / ɡinahaɴ,wunaɡu,jiŋɡa,ttʃu,ʔju,turi,iɴ,ʃiraɴ / siraɴ,kɨː,,haː / faː,nɨː,koː,,ʃiʃi,,funi,amba,kuːɡa / tamaɡu,tsɨnu,wuː,hani,karadzɨ / karazɨ,kamatsɨ / karazɨ,miɴ,mɘː,hana,kutʃi,faː,sɨba,ttsɨmɨ,,,tiː,wata,kubi / nubɨ,tʃiː,,,,,,,kikjuɴ,,,ʃinjuɴ,,,tubjuɴ,,kjuɴ,,jirjuɴ,tatʃuɴ,,,ʔjuɴ,tida / teda,tʃikkjuː / tsɨki,fuʃi / fusɨ,midzɨ / mizɨ,amɨ,iʃi,sɨna,nitʃa,kumo / kumu,kɨbuʃi,maːtsɨ,hai,,mitʃi,jama,aː,,au,,kiːiru,,ʃiru / ʃiruː,,kuru,,juru,atsɛhaɴ,çiɡjorohaɴ,,,jutaːɴ,,,
Okinoerabu,wanu,nata,watʃa,huri,hunu,uri,unu,ari,anu,taru,,,muːru,buːsa / fuːsa / ufusaɴ,ttiːtsi,ttaːtsi,fuisa / ufɛsaɴ,naɡasaɴ,ikusa,wunaɡu,jiːŋɡaː,ttʃuː,ʔju,tui / fuːtu,inu,ʃaːni,çiː,,ha,ni,hoː,,ʃiʃi / ʃiʃʃi,tʃiː,funi,abura,huɡa,tsuno,wuː / zuː,hani,haradzɨ / harazɨ,tsuburu,mimi,miː,hana,kutʃi,haː,sɨba,tsɨmiː,haʒi,tsɨnsɨ,tiː,wataː,kubi,tʃiː,,,,,,,kitʃum / kitʃuɴ,,nibujum / nibum,ʃinum / ʃinjum,,,tubjum,,tʃum / tʃuɴ,,jum,tatʃum,,,ʔjum / ʔjuɴ,tida,tʃitʃu / tʃitʃuː,fuʃi,midzɨ / mizɨ,ami,iʃiː,sɨna,mitʃa,kumu,çibuʃi,mattsɨ,çeː,,mitʃi,jama,aː,,oː,,kiːiru,,ʃuː,,kuru,,jiːru,atsaːɴ / attsaɴ,çiːsaɴ / piːsaɴ,,,jukkwaɴ,,,
Yoron,wanu,ureː,waːtʃa,huri,hunu,uri,unu,ari,anu,taː / taru,,,muːru,ufusaɴ,tiːtʃi,taːtʃi,ufisaːɴ,naɡasaɴ,insaːɴ,wunaɡu,jiŋɡa / wuiɡa,fitʃu,ʔjuː,tui,iɴ,ssaɴ,çiː,,faː,niː,hoː,,ʃiʃi,tʃiː,funi,abura,fuɡa / kaiɡo,tʃinu,,pani,furaʒinuçiː,furaʒi / furadʒi / hatasaː / tʃiburu,miɴ,miː,pana,kutʃi,ha,ʃitʃa,tʃimi,faɡi,tʃinʃi,ti / tiː,wata,kubi,tʃiː,,,,,,,kikjuɴ,,nibujuɴ,sɨnuɴ,,,tubjuɴ,,kjuɴ,,bjuːɴ,tatʃuɴ,,,ʔjuːɴ / jumuɴ / jumjuɴ,tida,tʃikkjuː,fuʃi,midʒi / miʒi,ami,iʃi,ʃina,duru,kumu,ʃimbuʃi,matʃi,hai,,mitʃi,jama,aː,,oː,,kiːiru,,suː,,kuru,,juru,atsusoː,piːsaɴ,,,jutasaɴ,,,
Iheya,waɴ,unʒu,wattaː,furi,funu,uri,unu,ari,anu,taː / taru,,,,ufusaɴ,tiːtʃi,ttaːtʃi,maɡisaɴ,naɡasaɴ,ɡunasaɴ,jinaɡu / wunna,jikiɡa / wutuku,ttʃu,ʔjuː,tui,iɴ,saːmi,kiː,,faː,niː,kaː,fada,ʃiː,tʃiː,funiː,anra,fuːɡa,tʃinu,ʒuː,fani / hani,hanaʒiɡiː,hanaʒi / tʃiburu,mimi,miː,fana,kutʃi,faː,ʃitʃa,tʃimi,fisa / saː,tʃinʃi,tiː,wata,kuwi,tʃiː,,tʃimu,numuɴ,kamuɴ / kkwajuɴ,,nuːɴ,tʃitʃuɴ,soːɴ / wakaiɴ,nuːjuɴ,ʃinuɴ,,,tubuɴ,attʃuɴ,tʃuːɴ,,jiːɴ,tatʃuɴ,,,ʔjuɴ,tiːra,tʃitʃi / tʃitʃoː,fuːʃi,miʒi,ami,iʃi,ʃina,ntʃa,,kibuʃi,fiː,feː,,mitʃi,jama,aka,,oː,,tʃiːruː,,,,kuru,,juru,atʃisaɴ,fiːsaɴ,,,jutasaɴ,,,
Izena,waɴ,unʒu,wattaː,furiː,funu,uri,unu,ari,anu,taː / taru,,,,ufusaɴ,tiːtʃi,taːtʃi,maɡisaːɴ,naɡasaɴ,,jinaɡu,jikiɡa,ttʃu,ʔjuː,tui,iɴ,saːmi,kiː,,faː,niː,kaː,fadaː,ʃiʃi,tʃi,funi,andaː,fuɡa,tʃiɴ,ʒoː,fani,hanaʒi,tʃiburu,mimiː,miː,fana,kutʃi,faː,ʃitʃaː,tʃimiː,saː,tʃinʃi,tiː,wataː,kui,tʃiː,,tʃimuː,nunuɴ,kkwajuɴ,,nuːɴ,tʃitʃuɴ,wahajuɴ,nuːjuɴ,sukunuɴ,,,tunuɴ,attʃuɴ,tʃuːɴ,,juːɴ,tatʃuɴ,,,iɴ,tiːda,tʃitʃi / tʃitʃoː,fuːʃi,miʒi,ami,iʃi,ʃina,ntʃa / tʃitʃiː,kumu,kiwui / kiwuʃi,fiː,feː,,mitʃi,jamaː,aha,,oː,,tʃiruː,,suː,,,,juru,atʃisaɴ,fiːsaɴ,,,jutasaɴ,,,
Nakijin,wanuː,naː / unʒu,wattaː,furiː,funu,uriː,unu,ariː,anu,,,,,fupoːʃeɴ,ttiːtʃi,ttaːtʃi,fupiʃeɴ / fupiʃʃeɴ / piʃeɴ / piʃʃeɴ / maɡiʃeɴ,naɡaːʃeɴ,fumaːʃeɴ / fuːʃeɴ / ɡinaːʃeɴ / ɡunaːʃeɴ,jinaːɡuː,jikiɡaː,ttʃuː,ʔjuː,tui / tuji,iːnuː,ʃiraːmi,kiː,,,niː,haː,pada,ʃiː / ʃiʃiː,tʃiː,puni,,fuɡa,tʃinuː,dʒuː / ʒuː,paniː,haraːʒi,tʃimbu,mimiː,miː,panaː,kutʃiː,paː,çitʃaː / ʃitʃaː / ʃubaː,tʃimiː,pisaː,tʃinʃi,tiː,wataː,kkwubiː,tʃiː,,tʃimuː,numiɴ,kkeɴ,,mjuɴ,çitʃuɴ,,nimbiɴ,ʃinuɴ,,,tubiɴ,attʃuɴ,ʃuɴ,,juɴ,tatʃuɴ,,,ʔiuɴ / ʔjuɴ,tida,çitʃuː,puʃiː,miʒiː,amiː,iʃiː / ʃiː,ʃinaː / iʃinaɡu,mitʃaː,kumu / kkumju,kibuːʃi,ppiː,peː,,mitʃiː,jamaː,akaː,haːʃeɴ,oː,,,,ʃiruː,,kkuruː,,juruː,hatʃiʃeɴ,piːʃeɴ / ppiːʃeɴ,,,jutaːʃeɴ,,,
Motobu,waɴ / waː,naɴ / naː / ʔundʒu,wattaː / ʔaɡaɴ,furi,funu,ʔuri,ʔunu,ʔari,ʔanu,taru / taː,,ɴ,muru,ʔuhoʃeɴ,tiːtʃi,taːtʃi,maːɡiʃeɴ,naɡaʃeɴ,fuːʃeɴ / ɡumaʃeɴ,jinaːɡu,jikiːɡa,tʃuː,ʔjuː,tui,ʔinɡwaː,ʃiraɴ,kiː,sani,faː,niː / niːɡui,haː,hadamutʃi,ʃiʃiː,tʃiː,funi,ʔanra,fuɡa,,dʒuː,fani / faniɡeː,haraːdʒi,tʃibuːru,mimiː,miː,fana,ku̥tʃi,faː,ʃi̥tʃaː,tʃimi,çi̥sa,tʃiɴʃi,tiː,wataː,kubi,tʃiː,kimuː,,numuɴ,keːɴ,hamuɴ,miːɴ,ki̥kuɴ,wakaiɴ,nimbuɴ,ʃinuɴ,kurusuɴ / takkurusuɴ,ʔuiɡuɴ,tubuɴ,ʔakkuɴ,,nimbuɴ / hataŋkuɴ,jiɴ,tattuɴ,kiːjuɴ,,ʔjuɴ,tira,tittʃoː / ʃikiː,fu̥ʃiː,midʒi,ʔamiː,ʔiʃi,ʃina,ntʃaː,kumuː,kibui,piː,heː,,mitʃi,jamaː,ʔakaː,ʔakaʃen,ʔoː,ʔoːʃeɴ,kiːruː,,ʃiruː,ʃiruʃeɴ,kuruː,kuruʃeɴ,juruː,ʔatʃiʃeɴ,çiːʃeɴ,ʔippai,miːʃeɴ,jiː,maruteːɴ,haːrakuɴ / haːkiɴ,naː
Nago,waniː / wanuː,naː / undʒu,watta,furi,funu,uri,unu,ari,anu,taː,,,muru,fisaːɴ / poːhaɴ,,,maɡihaɴ,naɡaːhaɴ,ɡumaːhaɴ / ɡunaːhaɴ,jinaɡu,jikeɡa,ttʃuː,,,inu / inukwaː,ʃiraːmi,,,,,haː / kaː,,ʃiʃi,,,andaː,fuːɡaː / kuːɡaː,tʃinuː,dʒuː,,haradʒi / karadʒi,tʃiburu / tʃuburu,mimi,miː,fana,kutʃi,faː,ʃitʃa,tʃimi,fiʃa / piʃa,tʃinʃi,tiː,wata,kubi / kubu,,,,,keːɴ,,,kikuɴ / tʃitʃuɴ,waraːruɴ,nimbuɴ,ʃinuɴ,,,,,kuɴ,,,,,,,tida,tʃitʃi,,,,,ʃinaː / zuna,miːtʃa / miːtʃaː,,kibuʃi,piː / fituji,,,,,aka,,oː,,kiːru / kiːruiru,,ʃiruː,,kuruː,,juːru,,,,,jutaːhaɴ,,,
Kin,wanu,naːmi,wattaː,kkuri,kkunu,uri,unu,ari,anu,ttaru,,,,ohoːnu / ohoːɴ,ttiːtʃu,ttaːtʃu,,,,inaɡuː,ikiɡaː,ttʃuː,,,,ʃirami,,,haː,niː,kaː,faːdaː,,ʃiː,funi,,kuːɡa,suːnuː,dzuji / ʒuji,hani,ʔkaraʒu,suburu,miːmiː,miː,hana,ʔkutʃi,faː,ʃiːtʃaː,sumi,çisa,sunʃi,tti,waːtaː,kkubi,ʃiː,,ʃiːmu,,,,,,çittʃuɴ,nimbuɴ,,,,,attʃuɴ,,,iɴ,ttatʃuɴ,,,,tiːra / ttiːda,ʃiːtʃu / tʃitʃi,fuʃi / fuːʃi,miʒu,aːmiː,iʃi,suna,nːtʃaː,kumu / kkumuː,,,,,mitʃi,jaːmaː,,,,,,,,,,,juru / juːruː,,,,,juttaːɴ,,,
Kudaka,waɴ,naː,wattaː,uri,nnu,uri,nnu,ari,anu,saː / taː,,,,upusaɴ,tiːti,taːti,maɡisaɴ,naɡasaɴ,ɡumasaɴ,junaɡu,jukiɡa,ttʃu,ijoː / iju,sui / tui,iɴ,ʃʃami,çiː,,paː,niː / niːɡui,haː,,ʃiʃi,tʃiː,puɴ,anra,fuɡa,ttiɴ,duː,hani,hariri,tibuɴ,mimi,miː,pana,kutʃi,paː,ttʃaː,ttimi,piʃa,timbusuku,ti,wata,kubi,tʃiː / tʃiːtʃiː,,tʃimu,numuɴ,keːɴ,,miːɴ,tʃikiɴ,çittʃuɴ,ninʒuɴ,çiːɴ,,,tubuɴ,akkuɴ,ʃuːɴ,,ɡiːɴ,tatʃuɴ,,,iːɴ,tira / tiːra,tiki,fuʃi / puʃi,miri,ami,iʃi,ʃina,ntʃa,kumu / kumuiɴ,kibuʃa,piː / atʃuː,peː,,mitʃi,jama,aka,,oː,,kiːruː,,ʃiruː,,kuruː,,juru,atisaɴ,piːsaɴ,,,jutasaɴ,,,
Shuri,waɴ,undʒu,wattaː,kuri,kunu,uri,unu,ari,anu,taː,,,muru / muttu / nːna,ufusaɴ,tiːtʃi,taːtʃi,maɡisaɴ,naɡasaɴ,kuːsaɴ,winaɡu,wikiɡa,ttʃu,iju,tuji,iɴ / iŋɡwaː,ʃiraɴ,kiː,,,,,,ʃiʃi,,,anda,kuːɡa / kuɡwaː,,dzuː / dʒuː,,karadzi / karadʒi,tsiburu / tsɨburu,,,,,,ʃiba / ʃita,,çiʃa,tsibuʃi / tʃinʃi,tiː,wata,kubi,,tʃimu / kukuru,tʃimu,,kamuɴ,,,tʃitʃuɴ,,nindʒuɴ,ʃinuɴ,,,,attʃuɴ,tʃuːɴ,,wiːjuɴ,,,,,tida / tiːda / tira / tiːra,tʃitʃi / tsitʃi,fuʃi,,ami / aːmi,,sina / ʃina,,kumu,kibuʃi / tʃimuji,fiː,,,mitʃi,jama,akaː,,oː,,tʃiːruː,,ʃiruː,,kuruː,,juːru,,çiːsaɴ,,,jutasaɴ,,,
Itoman,waɴ,naː / undʒu / unʒu,wattaː,kuri,kunu,uri,uɴ,ari,aɴ,taː,,,muru,uːsaɴ / ikattʃaɴ,tiːtʃi,taːtʃi,maɡisaɴ,naɡasaɴ,ɡunasaɴ,junaɡu,jukiɡa,,iju,tui,iɴ,ʃiraɴ,kiː,,haː,ni,kaː,,ʃiʃi,ʃiː,funi,anra,kuɡa,ʃinu,dʒuː / uː / ʒuː,haniː,kaːdʒiri / kaːʒiri / karadʒi / karaʒi,ʃiburu,mimi,miː,hana,kuʃi / kutʃi,haː,ʃiba,ʃimi,çisa,ʃintʃiː / ʃintʃiɴ,tiː,wata,kubi,ʃiːɡwaː,,,numuɴ,kamuɴ,,,kikuɴ,,nindʒuɴ,çinuɴ,,,tubuɴ,akkuɴ,kuːɴ,,iːɴ,tatuɴ,,,iːɴ,tiːra,tʃiki,,midʒi / miʒi,ami,iʃi / itʃi,ʃina,ntʃa,,kibuʃi,çi / çiː,çeː,,miʃi,jama,akaː,,oː,,kiːruː,,suruː,,kuruː,,juru / juːru,atʃisaɴ,çiːsaɴ,,,jutasaɴ,,,
Zamami,waɴ,unʒu,wattaː,kuri,kunu,uri,unu,ari,anu,taru,,,,ufusaɴ,tiːtʃi,taːtʃi,maɡisaɴ,naɡasaɴ,ɡumasaɴ,winaɡu,wikiɡa,ttʃu,iju,tui,iɴ,ʃiraɴ,kiː,,haː,,kaː,hada,ʃiʃi,tʃiː,funi,anra,kuɡa,tʃiːnu,ʒuː,hani,karaʒi,karaʒi / tʃiburu,mimi,miː,hana,kutʃi,ha,ʃiba,tʃimi,çisa,tʃinʃi,tiː,wata,kubi,tʃiː,,tʃimu,numuɴ,keːɴ / kwaiɴ,,miːjuɴ / miːɴ / nʒuɴ,tʃitʃuɴ,ʃittʃoːɴ,ninʒuɴ,ʃinuɴ,,,,attʃuɴ,tʃoːɴ,,iːɴ,tatʃuɴ,,,iːɴ,tira,tʃitʃi,fuʃi,miʒi,,iʃi,ʃina,ntʃa / tʃitʃi,kumu,kibuʃi,çiː,feː,,mitʃi,jama,akaː,,oː,,tʃiːruː,,suru / ʃiruː,,kuruː,,juru,atʃisaɴ,çiːsaɴ,,,jutasaɴ,,,
Kume,wanu,naːru / unʒu,wattaː,kuri,kunu,uri,unu,ari,anu,taː / taru,,,,ufusaɴ,tiːtʃi,taːtʃi,maɡisaɴ,naɡasaɴ,ɡunasaɴ,unaɡu,ukiɡa,tsu,iju,tui,inu,ʃirami,kiː,,haː,niː,kaː,hara,ʃiʃi,tʃiː,funiː,anra,kuːɡa,tsunu,zuː,,kaːraʒi,tʃimburu,mimi,miː,hana,kutʃi,ha,suba / tʃa,tʃimi,çisa,,tiː,wata,kubi,tʃiː / tʃiːɡwaː / tʃiːtʃiː,,tʃimu,numiɴ,kweːɴ,,miɴ,tʃitʃuɴ,ʃijuɴ,ninʒuɴ,ʃiniɴ,,,,attʃuɴ,tʃuɴ,,ijuɴ,tatsuɴ,,,ijuɴ,tiːda / tiːra,tʃitʃi,fuʃi,miʒi,ami,iʃi,ʃina,ntʃa,kumu,kibuʃi,çiː,çeː,,mitʃi,jama,akaː,,oː,,tʃiːru,,ʃiruː,,kuruː,,juru,atʃisaɴ,çiːsaɴ,,,,,,
Hirara,baɴ,undʒu,banta,kuri,kunu,uri,unu,hari / kari,kanu,taː,,,,,,,,,,midum,bikidum,,,tujɨ,iɴ,sɨ̥sam,,,,niː,,,sɨsɨ / sɨːsɨ,,,avva,tunaɡa,tsɨnu,dzuː,,karadzu,kanamajɨ,,,,,,sɨda,,paɡɨ,tsɨɡusɨ,tiː,bata,fuɡɨ,,kukuru,,,foːm,,,,,,,,,,,,,,,,,ajɨ,tida,tsɨkɨ / tsɨkɨʃu,pusɨ,midzɨ,ami,isɨ,mːnaɡu,mta,,kivusɨ,umatsɨ,,,mtsɨ,jama,aka,,oː,,kɨːru,,sɨ̥su,,fu̥fu,,jujɨ,,,,,,,,
Ikema,ba / baɴ,vva / undʒu,banti,kui,kunu,ui,unu,kai,kanu,taru,,ɴ,mːna,haːsḁkai,sɨːtsɨ,fu̥taːtsɨ,huikai,naɡakai,imikai,miduɴ,bikiduɴ,sɨ̥tu,zɨzu,tui,iɴ,ssam,ki,tani,haː,niː / sɨ̥sani,kaː,pada / kaː,sɨːsɨ,akatsɨ / tsɨː,huni,avva,tunuka,,dʒuː,kiː / hani,aka,kanamai / kammai / tsɨburu,miɴ,miː,hana,fu̥tsɨ,haː,ʔta,tsɨmi,ssabiːja / ssabiːdza,tsɨɡusɨ,tiː,bata,nudu,tsɨː,tsɨmu,,num,fau,kam,miː,tsɨ̥fu,sɨː,njuː,sɨɴ,kurasɨ / sɨnasɨ,uːdzɨ,tubi,aitsɨ,fuː,njuː,biː,tatsɨ,fiː,fiː,ai,tida,tsɨ̥ttʃu / tsɨ̥tsɨ,hu̥sɨ,midzɨ,ami,isɨ,mnaɡu,nta,m̥mu,kjuːsɨ,umatsɨ,karapai,,ntsɨ,jama,aka,akakai,au,aukai,tsɨːru / tsɨːrui,tsɨːrukai,ssu,ssu̥kai,ffu,ffukai,jui,atsɨ̥kai,ʃʃi̥kai,juːhaːsa,miːkai,dʒaukai / dʒautuː,maːrakai,kaːtsɨ / sari,naː
Irabu,ba / baɴ,vva,banti,kuri / kui,kunu,uri,unu,kari / kai,kanu,taɭ,,ɴ,mːna,ukaːʃḁkaɭ,psɨ̥tiːtsɨ,fu̥taːtsɨ,uku̥kaɭ,naɡakaɭ,imikaɭ,midum,bikidum,psɨ̥tu,zɨzu,tuɭ,iɴ,ssam,kiː,tani,paː,niː / sɨ̥sani / nibaɭ,kaː,pada / duː,sɨːsɨ / mzɨː / niku,akḁtsɨ / tsɨː,puni,avva,tunuka,,dzuː,pani,karadzɨ,kanamaɭ / kam / tsɨdzɨ,mim,miː,pana,fu̥tsɨ,paː,sɨ̥ta,tsɨmi,paɡzɨ / padzɨ,tsɨɡusɨ,tiː,bata,nubui,tsɨː,tsɨmu,,num,fau,kam,miːɭ,tsɨ̥tsɨ,sɨː,nivː,sɨɴ,kurusɨ / battsaiː,uːdzɨ,tubzɨ,aɭfu,fuː,nivː,bzɨː,tḁfu,fiːɭ,fiːɭ,azɨ,tida,tsɨttʃu / tsɨ̥tsɨ,pu̥sɨ,midzɨ,ami,isɨ,mnaɡu,mta,fumu,kivsɨ,umatsɨ,karapazɨ,,mtsɨ,jama,aka,akḁkam,au,aukaɭ,,kiːrukam,ssu,ssu̥kam,ffu,ffu̥kam,junai,atsɨ̥kam,psɨ̥ʃikam,ukaːʃa,mɨːkaɭ,dʒautuː,maːkukaɭ,kaːtsɨ / kaːratsɨ,naː
Tarama,aɴ / ba / baɴ,undʒu / vva,anta,kuɭ,kunu,uɭ,unu,kaɭ,kanu,taː,,ɴ,mːna,ɡaːffiːʃaːɭ,psɨ̥tiːtsɨ,fu̥taːtsɨ,upu̥ʃaːɭ,naɡaʃaːɭ,imiʃaːɭ,midum,bikidum,psɨ̥tu,zɨzu,tuɭ,ina,ssam,kiː,tani,paː,nivvuɭ / niː / nivvaɭ,kaː,pada,sɨːsɨ / niku / mɨː,akḁtsɨ,puni,avva,kuɡa,,dʒuː,pani,aka,kanamaɭ / tsɨbuɭ,mim,miː,pana,fu̥tsɨ,paː,sɨ̥ta,tʃimi,psɨsa,tsɨbusɨ,tiː,bata,fudzɨbuni / fuɡzɨbuni,tsɨː,ksɨmu,,num,fuː,kam,miːɭ,ksɨ̥ksɨ,sɨː,niniɭ,sɨɴ,kurusɨ,uiɡɨ,tubzɨ,aɭksɨ,ksɨː,niniɭ,bzɨːɭ,tḁtsɨ,turasɨ / jarasɨ / weːʃiɭ / uʃaɡiɭ,ffiɭ,zɨː,tida,tsɨ̥ksɨ,pu̥sɨ,midzɨ,ami,iʃi / iʃiɡuː,mnaɡu,mta,fumu,kifu̥sɨ,umutsɨ,karapazɨ,,mitsɨ,jama,aka,akḁʃaːɭ,oː,oːʃaːɭ,kiːru,ksɨːruʃaːɭ,ssu,ssu̥ʃaːɭ,ffu,ffu̥ʃaːɭ,junaɡatu / juneːɴ,attʃaːɭ,piːʃaːɭ,ɡaːffiː / tʃupaːra,mɨːʃaːɭ,dʒauʃaːɭ / dʒaudzɨ / dʒautuː,maːkuʃaːɭ,kaːraksɨ,naː
Ishigaki,banu,wanu,baɡadaː / bandaː,kuri,kunu,uri,unu,kari,kanu,taː / taru,,,ɡasɨte / ɡusɨte / keːra / muːru,fuːsaːɴ,pitiːdzɨ,futaːdzɨ / fu̥taːdzɨ,,naːsaːɴ,ɡumasaːɴ / kuːsaːɴ,miːduɴ,biɡiduɴ,pɨtu,idzu,turɨ,iɴ,sɨ̥saɴ / ssaɴ,kiː,,paː,niː,kaː,pada,sɨsɨ / sɨ̥sɨ / sɨːsɨ / mɨː,tsɨː,puni,aba,tunaɡa,tsɨnu,dzuː,pani,akamadzɨ,tsɨburɨ,miɴ,miː,pana,fu̥tsɨ / futsɨ̥,paː,sɨtaː / sɨ̥taː,tsɨmi,paɴ,tsɨbusɨ,tiː,bada,fubɨ / nubi,tsɨː,kɨmu / kukuru,kɨmu,numuɴ,foːɴ,,miːɴ / miːruɴ,sɨkuɴ,sɨ̥suɴ / ssuɴ,nibuɴ,sɨnuɴ,,,tubuɴ / tubeːruɴ,araɡuɴ,kɨɴ,,bɨruɴ,tatsuɴ,,,aŋkuɴ / izuɴ / idzuɴ / ssariɴ,tida,tsɨkɨ / tsɨ̥kɨ,pusɨ / pu̥sɨ,midzɨ,aːmi,iʃi / iʃi̥,inoː,nta / duru / tsɨtsɨ / tsɨ̥tsɨ,fumu,kjuː,pɨː,pai,,mitsɨ,jama,aka,,au,,kɨŋiru / kɨːru,,sɨ̥su / ssoːsu / ssu,,fu̥fu / ffu / fufoːfu,,juːrɨ,attsaːɴ,piːʃaːɴ,,mɨːsaːɴ,miʃaːɴ,,,
Taketomi,banu,waː,banaː,kuri,kunu,uri,unu,kari,kanu,taː / taru,,,,hoːrasaɴ / jamasaɴ,dittsi,daːtsi,fuːʃaɴ,naːsaɴ,ɡumaʃaɴ,midõː,bidõː,pitu,iʒu,tui,iɴ,ʃi̥ʃaɴ,kiː,,paː,niː,kaː,hada,ʃiʃi,ʃiː,funi,aba,kuŋɡa,sunu,busa,pani,hamazɨ,suburu,miɴ,miː,hana,futʃi,paː,ʃida,sumi,paɴ,subuʃi,tiː,bata,,ʃiː,,ʃumu,numuɴ,hoːɴ,,miruɴ,ʃikuɴ,ʃi̥ʃiɴ,nimbuɴ,ʃinuɴ,,,tubuɴ,aroːɴ,kuɴ,,biːruɴ,tatsuɴ,,,anʒuɴ / iʒuɴ,tida,ʃikki,fuʃi,mizɨ,ami,isi,inno,duru / tʃitʃi,fumo,kjuːʃi,piː,pai,,mitʃi,jama,aka,,oː,,kɨŋiru / ʃiːru,,ʃi̥ʃu,,fu̥fu,,juru,attsaɴ,piːsaɴ,,,,,,
Kohama,banu,uwa,bannuː,ku̥ri,ku̥nu,uri,unu,kḁri,kḁnu,taː / taru,,,ɡaːʃi̥ti / keːra / muːru,uohaːɴ,pitiːtsɨ,futaːtsɨ,maihaːɴ,naːhaːɴ,ɡumahaːɴ,minduɴ,bikinduɴ,,idzu,,,sɨsaɴ / sɨ̥saɴ,kiː,,,,,,ʃiʃi,,,aba,koːma,,buː,,akamantsɨ,tsupuru,miɴ,miː,pḁna,fu̥tsɨ / futsɨ,paː,sɨta,tsɨ̥mi,pai,tsɨpusɨ,tiː,bada,fupi / nubui,,,,,foːɴ,,,sukuɴ,sɨ̥suɴ,nufutohoːɴ,sɨnuɴ / sɨ̥nuɴ,,,,,kuɴ,,,,,,,tʃinda,tsɨkɨ,,,,iʃi,inoː / inõː / iʃi̥noː,mita / tsɨ̥tsɨ̥,,kibusɨ,pɨ̥ː,,,mitsɨ,jama,aka,,au,,kɨŋiru,,sɨ̥su,,fu̥fu,,juːru,,piŋɡurahaːɴ / piʃahaːɴ,,,miʃaːɴ,,,
Kuroshima,baɴ,uva,bantaː / beːhaː,kuri,kunu,uri,unu,hari,hanu,taː / taru / taru̥,,,keːra / murutti,urahaɴ,,,ubuhaɴ,naːhaɴ,ɡumahaɴ / ibehaɴ,midumu,bikidumu,,,,,midʒiraɴ / sɨ̥dzaɴ,kiː,,,,haː,pada,ʃiːʃi,,,ava,kuːwaː,ʃinu,dzuː,,amadʒi,suburu,miɴ,miː,pana,futʃi,paː,ʃiba / zza,,paɴ,subuʃi,tiː,bata,fubi / nubi,,,,,woːɴ,,,sukuɴ,,niwuɴ,ʃinuɴ,,,,,fuɴ,,,,,,,tida,sɨkɨ,puʃi,,ami,iʃi,inoː,,,kibuʃi,piː,,,,,aː,,au,,kiːru,,zzu,,buː,,juːrɨ,,piːjaɴ,,,misaɴ,,,
Aragusuku,banu,nda / uva / uwa,baʃiteː / pjaː,uri,unu,uri,unu,kḁri,kḁnu,taː / taru,,,ɡaʃiti / muru,ubusaːɴ,pitiːtsɨ,futaːtsɨ,maiʃaːɴ,naːsaːɴ,ɡumeːsaːɴ,miːduɴ,biçiduɴ,,,,,sɨ̥saɴ,kiː,,,,,,sɨsɨ,tsɨː,,aba,kajɨ,,dzubuni,,kḁmadzɨ,tsupuru,,miː,pḁna,futsɨ,paː,sɨta,tsɨ̥mi,paɴ,tsɨpusɨ,tiː,bata,nubɨ / fuːkadzɨ,tsɨ / tsɨː,,,numuɴ,fauɴ,,nduɴ,sukuɴ,,nuwuɴ,sɨnuɴ / sɨ̥nuɴ,,,tubuɴ,,kuɴ,,,,,,,tida,tsɨkɨ / tsɨ̥kɨ,pusɨ̥ / pu̥sɨ̥,,ami,iʃi,inau,nta,fumu / fu̥mu,kifu,pɨː,,,,,haː / kaː,,au,,kɨŋiru / kɨːru,,sɨ̥su / sɨ̥soːsu,,fu̥foːfo,,juːru,,piːʃaːɴ,,,miʃaːɴ,,,
Hateruma,banu,daː / naː,banuma,kuri,kunu,uri,unu,kḁri,kanu / kḁnu,taː,,,keːre / muːru,bosaːɴ,,,busahaɴ,nahaɴ,beːbiʃaːɴ,midumu / midunu,bidumu / bidunu,pɨtu,,,,saɴ,kiː,,,,,,sɨsɨ,,,aba,kɛː,sɨ̥nu,busɨpu,pḁni,amadzɨ,amasɨkuru / amosɨkurɨ,misɨkurumiː / miɨkurumiɴ,mi / miː / miɴ,pḁna,fu̥tsɨ / futsɨ,paɴ,sɨtaː,ʃimi,paɴ,sɨpusɨɴ,ʃiː,bata,nubi / manuɨsɴ,tsɨː,,kɨmu / sɨmu,,foɴ,,,sɨkuɴ,,nuffuɴ,sɨnuɴ,,,,arakuɴ,kuɴ,,,,,,,sɨ̥na,sɨ̥kɨɴ,pu̥sɨ,,ami,iʃi,isoːɴ,,,kibusɨ,pɨː,peː,,,,aka,,oː,,kiːru,,sɨ̥su,,fu̥fu / fufu,,juru / juːru,,,,,,,,
Hatoma,baɴ,waː,bantaː,kuri,kunu,uri,unu,kari,kanu,taː,,,,ɡoːraru,piːtʃi,futaːtʃi,,naːru,ɡumaːɴ,miːdumu,bikidumu,pusu,izu,turu,iɴ,su̥saɴ,kiː,,paː,niː,kaː,pada,,ʃiː,puni,aba,koːma,ʃinu,zuː,pani,ɡamaʒinukiː,ɡamaʒi,miɴ,miː,pana,futʃi,paː,ʃida,ʃimi,paɴ,subuʃi,,bata,,ʃiː,,kimu,numuɴ,fu̥foːɴ,,miːruɴ,ʃikuɴ,ʃi̥ʃeːɴ,nibuɴ,ʃinuɴ,,,tubuɴ,,kuːɴ,,biruɴ,tatsuɴ,,,azuɴ / izuɴ,tida,ʃi̥ki,puʃi,miʒi,ami,iʃi,inoːɴ,ʃi̥tʃi,fumu,kiboːʃi,piː,pai,,mitʃi,jama,aɡa,,au,,kiŋkinnuiru,,ssu,,ffu,,juːru,attsaru,piːjaru,,,misaɴ,,,
Iriomote,,,,,,,,,,,,,,,,,,,,miːduɴ,biːduɴ,,,,,sɨ̥saɴ,,,,,,,,,,,tu̥noː,,buː,,amatʃi,dzabura,miɴ,mintʃi,pḁna,fu̥tʃi̥,paː,ʃita / ʃida,tʃi̥mi,pai,tʃipuʃi,tiː,bada,fubi / nubi,tʃãː,,,,,,,,,,,,,,,,,,,,,,,,,,,,,,,,,,,,,,,,,,,,,,,,,,,,,,,
Yonaguni,anuː,nːdaː / uja,bantaː / baŋaː,kuː,kunu,uː,unu,ari / kari,anu / kanu,taː,,,buːru / ɡatʃitte / ɡusuju,ubusaːɴ,,,maisaɴ,naːɴ,ɡumaɴ,minuŋa,biŋɡa,ttu / ttuː,,,,ʔtsaːɴ / ndaɴ,,,,,,,miː / tsittsiː,,,anda,kaiŋuː,,duː,,karaɴ,mimburu,miɴ,miː,hana / hanaburu,ʔtiː / ttiː,haː,ʔtaː / ttaː,mːmi,haɴ,mbuttsi,,battaː,kubi / nubi,tʃiː,,,,fuɴ,,,ditaɴ / ʔɡuɴ,tsuɴ,ninduɴ,nniruɴ / nnuɴ,,,tsufuɴ,,kuɴ,,,,,,nduɴ,tidaɴ,ʔtiː / tti,,miɴ,,itʃi / ittsi / itsibuɡu,tʃinaɴ,nta / duru,,kibuntsi,tsiː / tʃiː,,,,,aɡa,,au,,kindaniru,,tsu,,furu,,duru,,fisaɴ,,,nsaːɴ,,,
